pl_name,hostname,discoverymethod,disc_year,st_spectype,st_teff,st_rad,st_mass,st_met,st_logg,sy_dist,sy_vmag,sy_kmag,sy_gaiamag
11 Com b,11 Com,Radial Velocity,2007,G,4874.0,13.76,2.09,-0.26,2.45,93.1846,4.72307,2.282,4.44038
11 UMi b,11 UMi,Radial Velocity,2009,K,4213.0,29.79,2.78,-0.02,1.93,125.321,5.013,1.939,4.56216
14 And b,14 And,Radial Velocity,2008,K,4888.0,11.55,1.78,-0.21,2.55,75.4392,5.23133,2.331,4.91781
14 Her b,14 Her,Radial Velocity,2002,K,5338.0,0.93,0.97,0.43,4.45,17.9323,6.61935,4.714,6.383
16 Cyg B b,16 Cyg B,Radial Velocity,1996,G,5750.0,1.13,1.08,0.06,4.36,21.1397,6.215,4.651,6.06428
17 Sco b,17 Sco,Radial Velocity,2020,K,4157.0,25.92,1.22,-0.01,1.7,124.953,5.22606,2.094,4.75429
18 Del b,18 Del,Radial Velocity,2008,G,4980.0,8.8,2.1,-0.06,2.87,76.222,5.51048,3.366,5.27476
24 Boo b,24 Boo,Radial Velocity,2018,G,4816.0,12.19,1.05,-0.78,2.28,95.9863,5.59,3.159,5.3339
24 Sex b,24 Sex,Radial Velocity,2010,K,5098.0,4.9,1.54,-0.03,3.5,72.0691,6.4535,4.285,6.20374
24 Sex c,24 Sex,Radial Velocity,2010,K,5098.0,4.9,1.54,-0.03,3.5,72.0691,6.4535,4.285,6.20374
2M0437 b,2MASS J04372171+2651014,Imaging,2021,M,3100.0,0.84,0.17,0.01,4.5,128.484,16.186,10.386,14.3374
4 UMa b,4 UMa,Radial Velocity,2006,K,4415.0,18.11,1.234,-0.25,1.8,73.4603,4.5801,1.734,4.23773
47 UMa b,47 UMa,Radial Velocity,1996,G,5872.0,1.21334,1.06,0.04,4.29541,13.7967,5.03352,3.75,4.87837
47 UMa c,47 UMa,Radial Velocity,2001,G,5872.0,1.21334,1.06,0.04,4.29541,13.7967,5.03352,3.75,4.87837
47 UMa d,47 UMa,Radial Velocity,2009,G,5872.0,1.21334,1.06,0.04,4.29541,13.7967,5.03352,3.75,4.87837
51 Eri b,51 Eri,Imaging,2015,F,7422.0,1.45,1.75,0.13,4.31078,29.7575,5.21149,4.537,5.15806
51 Peg b,51 Peg,Radial Velocity,1995,G,5761.0,1.19,1.07,0.2058,4.317353,15.4614,5.45309,3.911,5.28647
55 Cnc B b,55 Cnc B,Radial Velocity,2025,M,3286.0,0.274,0.26,0.16,4.86,12.4773,13.152,7.666,11.6798
55 Cnc B c,55 Cnc B,Radial Velocity,2025,M,3286.0,0.274,0.26,0.16,4.86,12.4773,13.152,7.666,11.6798
55 Cnc b,55 Cnc,Radial Velocity,1996,G,5198.0,0.98,1.015,0.39,4.3,12.5855,5.95084,4.015,5.72973
55 Cnc c,55 Cnc,Radial Velocity,2004,G,5198.0,0.98,1.015,0.39,4.3,12.5855,5.95084,4.015,5.72973
55 Cnc d,55 Cnc,Radial Velocity,2002,G,5198.0,0.98,1.015,0.39,4.3,12.5855,5.95084,4.015,5.72973
55 Cnc e,55 Cnc,Radial Velocity,2004,G,5172.0,0.943,0.905,0.35,4.43,12.5855,5.95084,4.015,5.72973
55 Cnc f,55 Cnc,Radial Velocity,2007,G,5198.0,0.98,1.015,0.39,4.3,12.5855,5.95084,4.015,5.72973
6 Lyn b,6 Lyn,Radial Velocity,2008,K,4941.0,4.94,1.32,-0.17,3.16,54.6599,5.87307,3.701,5.60686
61 Vir b,61 Vir,Radial Velocity,2009,G,5577.0,0.963,0.942,-0.01,4.34,8.50332,4.6955,2.956,4.54052
61 Vir c,61 Vir,Radial Velocity,2009,G,5577.0,0.963,0.942,-0.01,4.34,8.50332,4.6955,2.956,4.54052
61 Vir d,61 Vir,Radial Velocity,2009,G,5577.0,0.963,0.942,-0.01,4.34,8.50332,4.6955,2.956,4.54052
7 CMa b,7 CMa,Radial Velocity,2011,K,4826.0,4.87,1.34,0.21,3.19,19.8101,3.95,1.564,3.67853
7 CMa c,7 CMa,Radial Velocity,2019,K,4826.0,4.87,1.34,0.21,3.19,19.8101,3.95,1.564,3.67853
70 Vir b,70 Vir,Radial Velocity,1996,G,5495.0,1.89,1.09,-0.09,3.95,17.9011,4.96808,3.5,4.76178
75 Cet b,75 Cet,Radial Velocity,2012,G,4809.0,10.38,1.92,0.1,2.69,82.9613,5.3532,3.207,5.09343
75 Cet c,75 Cet,Radial Velocity,2023,G,4809.0,10.38,1.92,0.1,2.69,82.9613,5.3532,3.207,5.09343
8 UMi b,8 UMi,Radial Velocity,2015,K,4847.0,10.73,1.51,-0.03,2.57,162.552,6.83295,4.515,6.55896
81 Cet b,81 Cet,Radial Velocity,2008,G,4734.0,11.21,1.23,-0.11,2.41,101.26,5.64307,3.266,5.37588
91 Aqr b,91 Aqr,Radial Velocity,2013,K,4665.0,11.0,1.4,-0.03,2.52,44.0304,4.23946,1.597,3.95311
AB Pic b,AB Pic,Imaging,2005,K,5285.0,0.999394,0.9,0.04,4.53,50.0475,9.13,6.981,8.8378
AF Lep b,AF Lep,Imaging,2023,F,6140.0,1.25,1.218,0.19,4.4,26.8564,6.332,4.926,6.18644
AU Mic b,AU Mic,Transit,2020,M,3540.0,0.862,0.635,0.01,4.37,9.7221,8.81,4.529,7.84038
AU Mic c,AU Mic,Transit,2021,M,3540.0,0.862,0.635,0.01,4.37,9.7221,8.81,4.529,7.84038
AU Mic d,AU Mic,Transit Timing Variations,2023,M,3678.0,0.744,0.51,0.23,4.404,9.7221,8.81,4.529,7.84038
AU Mic e,AU Mic,Radial Velocity,2025,M,3665.0,0.82,0.6,0.12,4.52,9.7221,8.81,4.529,7.84038
BD+05 4868 A b,BD+05 4868 A,Transit,2025,K,4596.0,0.69,0.7,-0.05,4.6,43.5687,10.158,7.448,9.84152
BD+14 4559 b,BD+14 4559,Radial Velocity,2009,K,4864.0,0.86,0.49,0.17,4.26,49.352,9.78,7.336,9.35108
BD+15 2375 b,BD+15 2375,Radial Velocity,2016,G,4649.0,8.95,1.08,-0.22,2.61,768.045,10.41,7.718,9.9918
BD+15 2940 b,BD+15 2940,Radial Velocity,2013,K,4796.0,14.7,1.1,0.28,2.8,426.42,9.01,6.525,8.7178
BD+20 2457 b,BD+20 2457,Radial Velocity,2009,K,4137.0,49.0,2.8,-1.0,1.51,1539.71,9.743,6.42,9.22684
BD+20 2457 c,BD+20 2457,Radial Velocity,2009,K,4137.0,49.0,2.8,-1.0,1.51,1539.71,9.743,6.42,9.22684
BD+20 274 b,BD+20 274,Radial Velocity,2012,K,4296.0,17.3,0.8,-0.46,1.99,1322.51,9.367,6.169,8.91613
BD+20 594 b,BD+20 594,Transit,2016,G,5766.0,1.08,1.67,-0.15,4.5,179.461,10.849,9.368,10.8644
BD+45 564 b,BD+45 564,Radial Velocity,2021,K,5004.0,0.813064,0.81,-0.09,4.22,53.622,9.67,7.557,9.41266
BD+48 738 b,BD+48 738,Radial Velocity,2011,K,4414.0,11.0,0.74,-0.2,2.24,871.493,9.139,5.904,8.65569
BD+48 740 b,BD+48 740,Radial Velocity,2018,K,4534.0,10.33,1.09,-0.13,2.48,666.589,8.69,5.645,8.26449
BD+49 828 b,BD+49 828,Radial Velocity,2015,K,4943.0,7.6,1.52,-0.19,2.85,442.042,9.381,6.571,9.02851
BD+55 362 b,BD+55 362,Radial Velocity,2021,K,5012.0,0.896193,0.909,0.18,4.09,52.5697,9.38,7.331,9.15305
BD+63 1405 b,BD+63 1405,Radial Velocity,2021,K,5000.0,0.804724,0.816,-0.09,4.2,38.0473,8.96,6.78,8.705
BD-06 1339 b,BD-06 1339,Radial Velocity,2013,K,4324.0,0.686355,0.7,-0.14,4.74,20.2695,9.7,6.305,9.10677
BD-06 1339 c,BD-06 1339,Radial Velocity,2013,K,4324.0,0.686355,0.7,-0.14,4.74,20.2695,9.7,6.305,9.10677
BD-08 2823 b,BD-08 2823,Radial Velocity,2009,K,4816.0,0.71,0.5,-0.06,4.43,41.3342,9.86,7.323,9.50331
BD-08 2823 c,BD-08 2823,Radial Velocity,2009,K,4746.0,0.71,0.74,-0.07,4.13,41.3342,9.86,7.323,9.50331
BD-10 3166 b,BD-10 3166,Radial Velocity,2000,K,5393.0,0.91,1.47,0.38,4.69,84.4069,10.013,8.124,9.83981
BD-11 4672 b,BD-11 4672,Radial Velocity,2014,K,4550.0,0.639,0.651,-0.35,4.642,27.1665,10.03,6.867,9.48511
BD-11 4672 c,BD-11 4672,Radial Velocity,2020,K,4550.0,0.639,0.651,-0.35,4.642,27.1665,10.03,6.867,9.48511
BD-13 2130 b,BD-13 2130,Radial Velocity,2007,G,4545.0,19.17,2.12,-0.08,2.2,925.214,10.038,7.151,9.69971
BD-17 63 b,BD-17 63,Radial Velocity,2008,K,4714.0,0.74,0.741,-0.03,4.26,34.4603,9.62,6.914,9.20112
BD-210397 b,BD-210397,Radial Velocity,2023,K,4051.0,0.747,0.679,0.12,4.67,23.7324,9.84,6.504,9.25962
BD-210397 c,BD-210397,Radial Velocity,2023,K,4051.0,0.747,0.69,0.12,4.67,23.7324,9.84,6.504,9.25962
BEBOP-4 AB b,BEBOP-4 A,Radial Velocity,2025,G,5701.43,2.75645,1.507,0.2615,3.56597,234.294,9.646,8.076,9.43326
Barnard b,Barnard's star,Radial Velocity,2024,M,3195.0,0.185,0.162,-0.56,4.9,1.82655,9.54,4.524,8.19511
Barnard c,Barnard's star,Radial Velocity,2025,M,3195.0,0.185,0.162,-0.56,4.9,1.82655,9.54,4.524,8.19511
Barnard d,Barnard's star,Radial Velocity,2025,M,3195.0,0.185,0.162,-0.56,4.9,1.82655,9.54,4.524,8.19511
Barnard e,Barnard's star,Radial Velocity,2025,M,3195.0,0.185,0.162,-0.56,4.9,1.82655,9.54,4.524,8.19511
CD Cet b,CD Cet,Radial Velocity,2020,M,3130.0,0.175,0.161,0.13,4.93,8.60715,13.95,7.833,12.1232
CD-35 2722 b,CD-35 2722,Imaging,2011,M,3689.0,0.558549,0.4,-0.16,4.24,22.3896,11.041,7.046,10.2176
COCONUTS-2 b,COCONUTS-2 A,Imaging,2021,M,3552.0,0.366,0.4,0.0,4.91,10.8864,11.298,6.579,10.146
CoRoT-1 b,CoRoT-1,Transit,2008,G,5950.0,1.11,0.95,-0.3,4.25,787.909,13.623,12.149,13.457
CoRoT-10 b,CoRoT-10,Transit,2010,K,5075.0,0.79,0.89,0.26,4.65,338.386,15.293,11.782,14.6645
CoRoT-11 b,CoRoT-11,Transit,2010,F,6440.0,1.37,1.27,-0.03,4.22,655.037,12.897,11.248,12.841
CoRoT-13 b,CoRoT-13,Transit,2010,G,5945.0,1.01,1.09,0.01,4.46,1148.93,15.005,13.376,14.9147
CoRoT-14 b,CoRoT-14,Transit,2010,F,6035.0,1.21,1.13,0.05,4.35,1744.6,15.932,13.806,15.8116
CoRoT-16 b,CoRoT-16,Transit,2011,G,5650.0,1.19,1.098,0.19,4.36,732.409,16.052,12.847,15.6507
CoRoT-17 b,CoRoT-17,Transit,2011,G,5740.0,1.59,1.04,0.0,4.4,1176.12,16.29,12.472,15.4368
CoRoT-18 b,CoRoT-18,Transit,2011,G,5440.0,1.0,0.95,-0.1,4.4,764.889,14.868,13.014,14.8009
CoRoT-19 b,CoRoT-19,Transit,2011,F,6090.0,1.65,1.21,-0.02,4.07,790.663,14.135,11.837,13.7831
CoRoT-20 b,CoRoT-20,Transit,2011,G,5880.0,1.02,1.14,0.14,4.35,844.061,14.63,12.513,14.4686
CoRoT-20 c,CoRoT-20,Radial Velocity,2018,G,5880.0,1.02,1.14,0.14,4.35,844.061,14.63,12.513,14.4686
CoRoT-21 b,CoRoT-21,Transit,2012,F,6200.0,1.95,1.29,0.0,3.7,1398.834197,16.058,13.813,15.8558
CoRoT-22 b,CoRoT-22,Transit,2014,G,5939.0,1.136,1.099,0.17,4.361,627.158,13.82,11.988,13.7305
CoRoT-23 b,CoRoT-23,Transit,2011,G,5900.0,1.61,1.14,0.05,4.3,1060.97,15.675,12.364,15.0681
CoRoT-24 b,CoRoT-24,Transit,2014,K,4950.0,0.86,0.91,0.3,4.55,591.555,15.383,12.924,15.1801
CoRoT-24 c,CoRoT-24,Transit,2014,K,4950.0,0.86,0.91,0.3,4.55,591.555,15.383,12.924,15.1801
CoRoT-25 b,CoRoT-25,Transit,2013,F,6040.0,1.19,1.09,-0.01,4.31,1103.48,14.79,12.846,14.711
CoRoT-26 b,CoRoT-26,Transit,2013,G,5590.0,1.79,1.09,0.01,3.99,1045.18,15.861,13.261,15.4682
CoRoT-27 b,CoRoT-27,Transit,2014,G,5900.0,1.08,1.05,-0.1,4.4,1010.28,15.774,12.985,15.3902
CoRoT-28 b,CoRoT-28,Transit,2015,G,5150.0,1.78,1.01,0.15,3.6,766.183,13.783,11.032,13.4119
CoRoT-29 b,CoRoT-29,Transit,2015,K,5260.0,0.9,0.97,0.2,4.3,806.507,15.408,13.048,15.2394
CoRoT-3 b,CoRoT-3,Transit,2008,F,6740.0,1.56,1.37,0.14,4.22,768.771,13.448,11.618,13.2188
CoRoT-30 b,CoRoT-30,Transit,2020,G,5650.0,0.91,0.98,0.02,4.4,1032.23,15.571,13.562,15.413
CoRoT-31 b,CoRoT-31,Transit,2020,G,5700.0,2.15,1.25,0.0,3.85,2005.76,15.479,13.426,15.4655
CoRoT-32 b,CoRoT-32,Transit,2018,G,5970.0,0.79,1.08,0.0,4.67,576.683,13.626,12.193,13.5867
CoRoT-35 b,CoRoT-35,Transit,2022,F,6390.0,1.65,1.01,-0.5,4.01,1123.21,15.635,12.935,15.2625
CoRoT-36 b,CoRoT-36,Transit,2022,F,6730.0,1.52,1.32,-0.1,4.16,925.958,13.126,11.592,12.9515
CoRoT-5 b,CoRoT-5,Transit,2009,F,6100.0,1.186,1.0,-0.25,4.19,882.472,14.043,12.546,13.9021
CoRoT-6 b,CoRoT-6,Transit,2009,F,6090.0,1.025,1.05,-0.2,4.43,645.294,13.961,12.119,13.7459
CoRoT-7 b,CoRoT-7,Transit,2009,G,5275.0,0.83,0.82,0.05,4.5,159.906,11.728,9.806,11.5239
CoRoT-7 c,CoRoT-7,Radial Velocity,2009,G,5256.0,0.864273,0.899,0.06,4.51853,159.906,11.728,9.806,11.5239
CoRoT-7 d,CoRoT-7,Radial Velocity,2022,G,5250.0,0.8389,0.915,0.12,4.573,159.906,11.728,9.806,11.5239
CoRoT-8 b,CoRoT-8,Transit,2010,K,5080.0,0.77,0.88,0.3,4.58,322.037,14.792,11.463,14.2195
CoRoT-9 b,CoRoT-9,Transit,2009,G,5625.0,0.96,0.96,-0.01,4.54,412.98,13.637,11.688,13.5008
DMPP-3 A b,DMPP-3 A,Radial Velocity,2019,K,5138.0,0.91,0.9,0.18,4.46049,46.8917,9.1,7.061,8.8543
DMPP-4 b,DMPP-4,Radial Velocity,2023,F,6400.0,1.38,1.25,-0.007,4.24,25.3284,5.72936,4.494,5.60037
DS Tuc A b,DS Tuc A,Transit,2019,G,5428.0,0.964,1.01,0.0,4.6,44.0622,8.17,6.676,8.31926
EPIC 201754305 d,K2-16,Transit,2019,K,4761.0,0.544,0.67,-0.33,4.629,334.967,14.668,12.087,14.3234
EPIC 211822797 b,EPIC 211822797,Transit,2016,M,4057.0,0.58,0.62,0.2,4.7,186.197,15.133,11.429,14.5263
EPIC 211945201 b,EPIC 211945201,Transit,2018,G,6069.0,1.39,1.17,0.1,4.22,181.69,10.154,8.837,10.0512
EPIC 212737443 b,EPIC 212737443,Transit,2019,K,4684.0,0.673,0.69,-0.137,4.622,336.25,14.81,12.16,14.4776
EPIC 212737443 c,EPIC 212737443,Transit,2019,K,4684.0,0.673,0.69,-0.137,4.622,336.25,14.81,12.16,14.4776
EPIC 220674823 b,EPIC 220674823,Transit,2016,G,5578.0,0.99,0.913,-0.005,4.408,244.59,12.101,10.344,11.9535
EPIC 220674823 c,EPIC 220674823,Transit,2016,G,5578.0,0.99,0.913,-0.005,4.408,244.59,12.101,10.344,11.9535
EPIC 246851721 b,EPIC 246851721,Transit,2018,F,6202.0,1.586,1.317,0.141,4.157,372.632,11.237,9.893,11.2549
EPIC 249893012 b,EPIC 249893012,Transit,2020,G,5430.0,1.71,1.05,0.2,3.99,321.296,11.429,9.714,11.4019
EPIC 249893012 c,EPIC 249893012,Transit,2020,G,5430.0,1.71,1.05,0.2,3.99,321.296,11.429,9.714,11.4019
EPIC 249893012 d,EPIC 249893012,Transit,2020,G,5430.0,1.71,1.05,0.2,3.99,321.296,11.429,9.714,11.4019
G 264-012 b,G 264-012,Radial Velocity,2021,M,3326.0,0.305,0.297,0.1,4.85,16.009,13.078,7.986,11.7617
G 264-012 c,G 264-012,Radial Velocity,2021,M,3326.0,0.305,0.297,0.1,4.85,16.009,13.078,7.986,11.7617
G 9-40 b,G 9-40,Transit,2019,M,3395.0,0.3026,0.2952,-0.07,4.84,27.9276,13.821,9.19,12.7331
GJ 1002 b,GJ 1002,Radial Velocity,2022,M,3024.0,0.137,0.12,-0.25,5.1,4.84867,13.76,7.439,11.7804
GJ 1002 c,GJ 1002,Radial Velocity,2022,M,3024.0,0.137,0.12,-0.25,5.1,4.84867,13.76,7.439,11.7804
GJ 1061 b,GJ 1061,Radial Velocity,2020,M,2953.0,0.156,0.12,-0.08,5.15856,3.67278,12.7,6.61,10.9889
GJ 1061 c,GJ 1061,Radial Velocity,2020,M,2953.0,0.156,0.12,-0.08,5.15856,3.67278,12.7,6.61,10.9889
GJ 1061 d,GJ 1061,Radial Velocity,2020,M,2953.0,0.156,0.12,-0.08,5.15856,3.67278,12.7,6.61,10.9889
GJ 1132 b,GJ 1132,Transit,2015,M,3229.0,0.2211,0.1945,-0.17,5.037,12.613,13.68,8.322,12.138
GJ 1132 c,GJ 1132,Radial Velocity,2018,M,3090.0,0.226,0.198,-0.18,5.02,12.613,13.68,8.322,12.138
GJ 1137 c,HD 93083,Radial Velocity,2026,K,5033.8,0.837,0.836,0.13,4.23,28.5159,8.3,6.132,8.04206
GJ 1148 b,GJ 1148,Radial Velocity,2010,M,3287.0,0.358519,0.344045,0.1596,4.86566,11.0143,11.939,6.822,10.5769
GJ 1148 c,GJ 1148,Radial Velocity,2017,M,3287.0,0.358519,0.344045,0.1596,4.86566,11.0143,11.939,6.822,10.5769
GJ 1151 c,GJ 1151,Radial Velocity,2023,M,3280.0,0.1781,0.1639,-0.12,5.09,8.03625,13.76,7.637,11.6938
GJ 1214 b,GJ 1214,Transit,2009,M,3101.0,0.2162,0.182,0.24,5.0286,14.6427,15.1,8.782,13.0089
GJ 1252 b,GJ 1252,Transit,2020,M,3458.0,0.391,0.381,0.1,4.83,20.373,12.68,7.915,11.2364
GJ 1265 b,GJ 1265,Radial Velocity,2018,M,3236.0,0.192,0.178,-0.04,5.09,10.2525,14.01,8.115,12.0807
GJ 1289 b,GJ 1289,Radial Velocity,2024,M,3296.0,0.245012,0.21,0.02,4.9931,8.35147,12.48,7.226,11.1534
GJ 143 b,GJ 143,Transit,2019,K,4640.0,0.695,0.73,0.003,4.613,16.32,8.08,5.375,7.67906
GJ 15 A b,GJ 15 A,Radial Velocity,2014,M,3607.0,0.38,0.38,-0.34,4.87,3.56228,8.09,4.018,7.2162
GJ 15 A c,GJ 15 A,Radial Velocity,2018,M,3607.0,0.38,0.38,-0.34,4.87,3.56228,8.09,4.018,7.2162
GJ 163 b,GJ 163,Radial Velocity,2013,M,3500.0,0.409738,0.4,0.1,4.81775,15.1285,11.79,7.135,10.6771
GJ 163 c,GJ 163,Radial Velocity,2013,M,3500.0,0.409738,0.4,0.1,4.81775,15.1285,11.79,7.135,10.6771
GJ 163 d,GJ 163,Radial Velocity,2013,M,3500.0,0.409738,0.4,0.1,4.81775,15.1285,11.79,7.135,10.6771
GJ 179 b,GJ 179,Radial Velocity,2009,M,3370.0,0.38,0.357,0.3,4.83,12.356,11.963,6.942,10.7055
GJ 2126 b,GJ 2126,Radial Velocity,2025,M,4159.0,0.728,0.65,0.6,4.527,38.129,10.7,7.557,10.1496
GJ 238 b,GJ 238,Transit,2024,M,3485.0,0.4314,0.4193,0.15,4.85243,15.2142,11.62,7.03,10.5294
GJ 251 b,GJ 251,Radial Velocity,2020,M,3342.0,0.36,0.35,0.07,4.87,5.58057,9.89,5.275,8.85518
GJ 251 c,GJ 251,Radial Velocity,2025,M,3342.0,0.36,0.35,0.07,4.87,5.58057,9.89,5.275,8.85518
GJ 3021 b,GJ 3021,Radial Velocity,2000,G,5540.0,0.9,0.9,0.1,4.7,17.5559,6.59,4.859,6.39729
GJ 3090 b,GJ 3090,Transit,2022,M,3707.0,0.516,0.519,0.12,4.727,22.4751,11.403,7.294,10.5521
GJ 3090 c,GJ 3090,Radial Velocity,2026,M,3707.0,0.516,0.519,0.12,4.727,22.4751,11.403,7.294,10.5521
GJ 3138 b,GJ 3138,Radial Velocity,2017,M,3717.0,0.5,0.681,-0.3,4.62872,28.4712,10.8275,7.246,10.1924
GJ 3138 c,GJ 3138,Radial Velocity,2017,M,3717.0,0.5,0.681,-0.3,4.62872,28.4712,10.8275,7.246,10.1924
GJ 3138 d,GJ 3138,Radial Velocity,2017,M,3717.0,0.5,0.681,-0.3,4.62872,28.4712,10.8275,7.246,10.1924
GJ 317 b,GJ 317,Radial Velocity,2007,M,3496.0,0.403,0.402,-0.02,4.822436,15.1968,12.4,7.028,10.7539
GJ 317 c,GJ 317,Radial Velocity,2016,M,3496.0,0.403,0.402,-0.02,4.822436,15.1968,12.4,7.028,10.7539
GJ 328 b,GJ 328,Radial Velocity,2013,M,3897.0,0.63,0.65,-0.06,4.64,20.5266,9.99,6.352,9.2861
GJ 328 c,GJ 328,Radial Velocity,2023,M,3897.0,0.63,0.65,-0.06,4.64,20.5266,9.99,6.352,9.2861
GJ 3293 b,GJ 3293,Radial Velocity,2015,M,3466.0,0.404,0.42,0.02,4.78125,20.1903,11.945,7.486,10.9788
GJ 3293 c,GJ 3293,Radial Velocity,2015,M,3466.0,0.404,0.42,0.02,4.78125,20.1903,11.945,7.486,10.9788
GJ 3293 d,GJ 3293,Radial Velocity,2017,M,3466.0,0.404,0.42,0.02,4.78125,20.1903,11.945,7.486,10.9788
GJ 3293 e,GJ 3293,Radial Velocity,2017,M,3466.0,0.404,0.42,0.02,4.78125,20.1903,11.945,7.486,10.9788
GJ 3341 b,GJ 3341,Radial Velocity,2015,M,3526.0,0.439,0.47,-0.09,4.76852,23.619,12.062,7.733,11.1029
GJ 3378 b,GJ 3378,Radial Velocity,2026,M,3340.0,0.275,0.262,-0.09,4.97,7.72274,12.37,6.639,10.4084
GJ 338 B b,GJ 338 B,Radial Velocity,2020,M,4014.0,0.58,0.64,-0.03,4.68,6.33256,7.7,4.136,7.04775
GJ 341 b,GJ 341,Transit,2025,M,3770.0,0.5066,0.48,-0.16,4.72,10.454,9.49,5.587,8.67538
GJ 3470 b,GJ 3470,Radial Velocity,2012,M,3600.0,0.547,0.539,0.2,4.695,29.4214,12.332,7.989,11.3537
GJ 3473 b,GJ 3473,Transit,2020,M,3347.0,0.364,0.36,0.11,4.81,27.3644,13.74,8.829001,12.465
GJ 3473 c,GJ 3473,Radial Velocity,2020,M,3347.0,0.364,0.36,0.11,4.81,27.3644,13.74,8.829001,12.465
GJ 3512 b,GJ 3512,Radial Velocity,2019,M,3141.0,0.139,0.123,-0.07,5.1582,9.48637,15.18,8.668,13.1117
GJ 3512 c,GJ 3512,Radial Velocity,2020,M,3141.0,0.139,0.123,-0.07,5.1582,9.48637,15.18,8.668,13.1117
GJ 357 b,GJ 357,Transit,2019,M,3505.0,0.337,0.342,-0.12,4.94,9.44181,10.91,6.475,9.88036
GJ 357 c,GJ 357,Radial Velocity,2019,M,3505.0,0.337,0.342,-0.12,4.94,9.44181,10.91,6.475,9.88036
GJ 357 d,GJ 357,Radial Velocity,2019,M,3505.0,0.337,0.342,-0.12,4.94,9.44181,10.91,6.475,9.88036
GJ 367 b,GJ 367,Transit,2021,M,3535.0,0.457,0.451,-0.01,4.776,9.41263,10.153,5.78,9.15159
GJ 367 c,GJ 367,Radial Velocity,2023,M,3522.0,0.458,0.455,-0.01,4.776,9.41263,10.153,5.78,9.15159
GJ 367 d,GJ 367,Radial Velocity,2023,M,3522.0,0.458,0.455,-0.01,4.776,9.41263,10.153,5.78,9.15159
GJ 3779 b,GJ 3779,Radial Velocity,2018,M,3324.0,0.281,0.27,0.0,5.05,13.743,13.04,7.957,11.6266
GJ 3929 b,GJ 3929,Transit,2022,M,3384.0,0.32,0.313,-0.02,4.89,15.8095,12.675,7.869,11.5109
GJ 3929 c,GJ 3929,Radial Velocity,2022,M,3384.0,0.32,0.313,-0.02,4.89,15.8095,12.675,7.869,11.5109
GJ 393 b,GJ 393,Radial Velocity,2021,M,3579.0,0.426,0.426,-0.09,4.88,7.03149,9.65,5.311,8.67373
GJ 3942 b,GJ 3942,Radial Velocity,2017,M,3867.0,0.61,0.63,-0.04,4.65,16.9287,10.166,6.331,9.40765
GJ 3988 b,GJ 3988,Radial Velocity,2023,M,3273.0,0.19734,0.1842,-0.12,4.92,9.9105,13.627,7.921,11.9925
GJ 3998 b,GJ 3998,Radial Velocity,2016,M,3726.0,0.5,0.52,-0.13,4.75,18.1459,10.844,6.816,9.98337
GJ 3998 c,GJ 3998,Radial Velocity,2016,M,3726.0,0.5,0.52,-0.13,4.75,18.1459,10.844,6.816,9.98337
GJ 3998 d,GJ 3998,Radial Velocity,2025,M,3726.0,0.5,0.52,-0.13,4.75,18.1459,10.844,6.816,9.98337
GJ 414 A b,GJ 414 A,Radial Velocity,2021,K,4120.0,0.68,0.65,0.24,4.65,11.8893,8.31,4.979,7.72808
GJ 414 A c,GJ 414 A,Radial Velocity,2021,K,4120.0,0.68,0.65,0.24,4.65,11.8893,8.31,4.979,7.72808
GJ 4274 b,GJ 4274,Radial Velocity,2026,M,3228.0,0.19,0.18,-0.19,5.26,7.23556,13.31,7.319,11.5542
GJ 4274 c,GJ 4274,Radial Velocity,2026,M,3228.0,0.19,0.18,-0.19,5.26,7.23556,13.31,7.319,11.5542
GJ 4276 b,GJ 4276,Radial Velocity,2019,M,3387.0,0.407,0.406,0.12,4.97,21.3362,12.903,7.887,11.6605
GJ 433 b,GJ 433,Radial Velocity,2013,M,3461.0,0.5,0.48,-0.17,4.81,9.06456,9.81,5.623,8.89138
GJ 433 c,GJ 433,Radial Velocity,2014,M,3461.0,0.5,0.48,-0.17,4.81,9.06456,9.81,5.623,8.89138
GJ 433 d,GJ 433,Radial Velocity,2020,M,3461.0,0.5,0.48,-0.17,4.81,9.06456,9.81,5.623,8.89138
GJ 436 b,GJ 436,Radial Velocity,2004,M,3586.11,0.455,0.47,0.0991,4.792,9.75321,10.67,6.073,9.57148
GJ 463 b,GJ 463,Radial Velocity,2022,M,3563.0,0.483,0.486,-0.16,4.86,18.3554,11.595,7.122,10.5462
GJ 480 b,GJ 480,Radial Velocity,2020,M,3509.0,0.449,0.45,0.26,4.88,14.2358,11.49,6.691,10.3249
GJ 486 b,GJ 486,Radial Velocity,2021,M,3317.0,0.3243,0.312,-0.15,4.9111,8.07426,11.39,6.362,10.094
GJ 504 b,GJ 504,Imaging,2013,G,6234.0,1.26,1.22,0.28,4.6,17.5299,5.18799,4.033,5.04156
GJ 508.2 b,GJ 508.2,Radial Velocity,2025,M,3720.0,0.53,0.54,-0.15,4.71218,16.6374,10.61,6.555,9.76539
GJ 514 b,GJ 514,Radial Velocity,2022,M,3728.0,0.5,0.51,-0.14,4.76,7.61778,9.05,5.036,8.20621
GJ 536 b,GJ 536,Radial Velocity,2016,M,3641.0,0.529,0.528,-0.08,4.713,10.4092,9.71,5.683,8.85881
GJ 536 c,GJ 536,Radial Velocity,2025,M,3641.0,0.529,0.528,-0.08,4.713,10.4092,9.71,5.683,8.85881
GJ 581 b,GJ 581,Radial Velocity,2005,M,3500.0,0.302,0.295,-0.08,4.97,6.2981,10.57,5.837,9.411
GJ 581 c,GJ 581,Radial Velocity,2007,M,3500.0,0.302,0.295,-0.08,4.97,6.2981,10.57,5.837,9.411
GJ 581 e,GJ 581,Radial Velocity,2009,M,3500.0,0.302,0.295,-0.08,4.97,6.2981,10.57,5.837,9.411
GJ 625 b,GJ 625,Radial Velocity,2017,M,3499.0,0.31,0.3,-0.38,4.94,6.47249,10.066,5.833,9.13702
GJ 649 b,GJ 649,Radial Velocity,2009,M,3734.0,0.5,0.51,-0.15,4.76,10.3796,9.7,5.624,8.81875
GJ 674 b,GJ 674,Radial Velocity,2007,M,3600.0,0.36463,0.35,-0.28,4.85978,4.54896,9.38,4.855,8.33063
GJ 676 A b,GJ 676 A,Radial Velocity,2010,M,3734.0,0.69,0.626,0.23,4.62,16.0272,9.58,5.825,8.86517
GJ 676 A c,GJ 676 A,Radial Velocity,2016,M,3734.0,0.69,0.626,0.23,4.62,16.0272,9.58,5.825,8.86517
GJ 676 A d,GJ 676 A,Radial Velocity,2012,M,3734.0,0.69,0.626,0.23,4.62,16.0272,9.58,5.825,8.86517
GJ 676 A e,GJ 676 A,Radial Velocity,2012,M,3734.0,0.69,0.626,0.23,4.62,16.0272,9.58,5.825,8.86517
GJ 685 b,GJ 685,Radial Velocity,2019,M,3816.0,0.54,0.55,-0.15,4.72,14.3155,9.98,6.066,9.1671
GJ 687 b,GJ 687,Radial Velocity,2014,M,3413.0,0.4183,0.4,0.0631,4.85936,4.54939,9.15,4.548,8.02754
GJ 687 c,GJ 687,Radial Velocity,2020,M,3413.0,0.4183,0.4,0.0631,4.85936,4.54939,9.15,4.548,8.02754
GJ 720 A b,GJ 720 A,Radial Velocity,2021,M,3837.0,0.56,0.57,-0.14,4.71,15.5575,9.84,6.082,9.10496
GJ 724 b,GJ 724,Radial Velocity,2023,M,3799.0,0.52226,0.5271,-0.02,4.88,16.9658,10.638,6.546,9.76915
GJ 740 b,GJ 740,Radial Velocity,2021,M,3913.0,0.56,0.58,0.08,4.68,11.1017,9.22,5.357,8.45636
GJ 806 b,GJ 806,Transit,2023,M,3600.0,0.4144,0.413,-0.28,4.98,12.0445,10.79,6.533,9.82461
GJ 806 c,GJ 806,Radial Velocity,2023,M,3600.0,0.4144,0.413,-0.28,4.98,12.0445,10.79,6.533,9.82461
GJ 832 b,GJ 832,Radial Velocity,2008,M,3472.0,0.441557,0.45,-0.3,4.78905,4.96435,8.66,4.501,7.73761
GJ 849 b,GJ 849,Radial Velocity,2006,M,3467.0,0.45,0.45,0.09,4.8,8.80058,10.41,5.594,9.2245
GJ 849 c,GJ 849,Radial Velocity,2014,M,3467.0,0.45,0.45,0.09,4.8,8.80058,10.41,5.594,9.2245
GJ 86 b,GJ 86,Radial Velocity,1999,K,5182.0,0.77,0.93,-0.22,4.63,10.7836,6.12,4.125,5.88516
GJ 876 b,GJ 876,Radial Velocity,1998,M,3293.74,0.3,0.32,0.2129,4.87177,4.67517,10.16,5.01,8.8753
GJ 876 c,GJ 876,Radial Velocity,2000,M,3293.74,0.3,0.32,0.2129,4.87177,4.67517,10.16,5.01,8.8753
GJ 876 d,GJ 876,Radial Velocity,2005,M,3293.74,0.3,0.32,0.2129,4.87177,4.67517,10.16,5.01,8.8753
GJ 876 e,GJ 876,Radial Velocity,2010,M,3293.74,0.3,0.32,0.2129,4.87177,4.67517,10.16,5.01,8.8753
GJ 887 b,GJ 887,Radial Velocity,2020,M,3688.0,0.468,0.495,-0.06,4.156,3.28679,7.56,3.465,6.52199
GJ 887 c,GJ 887,Radial Velocity,2020,M,3688.0,0.468,0.495,-0.06,4.156,3.28679,7.56,3.465,6.52199
GJ 887 d,GJ 887,Radial Velocity,2026,M,3688.0,0.468,0.495,-0.06,4.156,3.28679,7.56,3.465,6.52199
GJ 887 e,GJ 887,Radial Velocity,2026,M,3688.0,0.468,0.495,-0.06,4.156,3.28679,7.56,3.465,6.52199
GJ 900 b,GJ 900 A,Imaging,2024,K,3976.0,0.716187,1.08,-0.63,4.55728,20.8065,9.59,6.044,9.02571
GJ 9066 c,GJ 9066,Radial Velocity,2020,M,3154.0,0.164,0.15,-0.13,5.01,4.471,12.71,6.648,10.6711
GJ 96 b,GJ 96,Radial Velocity,2018,M,3785.0,0.580612,0.6,0.14,4.66767,11.9315,9.4,5.554,8.63186
GJ 9689 b,GJ 9689,Radial Velocity,2020,M,3836.0,0.57,0.59,0.05,4.69,30.6203,11.297,7.468,10.5372
GJ 9773 b,GJ 9773,Radial Velocity,2025,M,3528.0,0.362,0.358,-0.2,4.84674,15.9211,12.033,7.472,10.9047
GJ 9827 b,GJ 9827,Transit,2017,K,4236.0,0.58,0.62,-0.29,4.719,29.661,10.37,7.193,9.83773
GJ 9827 c,GJ 9827,Transit,2017,K,4236.0,0.58,0.62,-0.29,4.719,29.661,10.37,7.193,9.83773
GJ 9827 d,GJ 9827,Transit,2017,K,4236.0,0.58,0.62,-0.29,4.7,29.661,10.37,7.193,9.83773
GPX-1 b,GPX-1,Transit,2021,F,7000.0,1.56,1.68,0.35,4.27,655.013,12.316,11.181,12.2228
GQ Lup b,GQ Lup,Imaging,2004,K,4360.0,1.94153,0.7,-0.35,3.65,151.169,11.593,7.096,11.2608
GSC 06214-00210 b,GSC 06214-00210,Imaging,2010,K,4200.0,0.90484,0.9,-0.06,4.36628,108.5,12.416,9.152,11.8633
GU Psc b,GU Psc,Imaging,2014,M,4031.81,0.450458,0.325,0.1,4.78111,47.5501,14.146,9.345,12.9656
Gl 378 b,Gl 378,Radial Velocity,2019,M,3879.0,0.56,0.56,0.06,4.68513,14.9545,10.03,6.16,9.26515
Gl 410 b,Gl 410,Radial Velocity,2025,K,3842.0,0.543,0.55,0.05,4.87,11.9324,9.57,5.688,8.807
Gl 49 b,Gl 49,Radial Velocity,2019,M,3805.0,0.511,0.515,0.13,4.69,9.8528,9.56,5.371,8.66282
Gl 686 b,Gl 686,Radial Velocity,2018,M,3656.0,0.427,0.426,-0.23,4.87,8.15728,9.62,5.572,8.73899
Gl 725 A b,Gl 725 A,Radial Velocity,2025,M,3433.0,0.351,0.33,-0.19,4.87,3.5214,8.94,4.432,7.84944
Gliese 12 b,Gliese 12,Transit,2024,M,3328.0,0.265,0.255,-0.24,5.25,12.21,12.6,7.807,11.3963
HAT-P-1 b,HAT-P-1,Transit,2006,G,5980.0,1.174,1.151,0.13,4.359,158.979,9.827,8.858,10.1786
HAT-P-11 b,HAT-P-11,Transit,2010,K,4653.0,0.683,0.811,0.31,4.663,37.7647,9.46,7.009,9.15098
HAT-P-11 c,HAT-P-11,Radial Velocity,2018,K,4653.0,0.683,0.811,0.31,4.663,37.7647,9.46,7.009,9.15098
HAT-P-12 b,HAT-P-12,Transit,2009,K,4650.0,0.701,0.733,-0.29,4.61,142.751,12.665,10.108,12.4197
HAT-P-13 b,HAT-P-13,Transit,2009,G,5653.0,1.756,1.32,0.46,4.07,246.81,10.421,8.975,10.4168
HAT-P-13 c,HAT-P-13,Radial Velocity,2009,G,5653.0,1.756,1.32,0.46,4.07,246.81,10.421,8.975,10.4168
HAT-P-14 b,HAT-P-14,Transit,2010,F,6600.0,1.82,2.65,0.11,4.25,222.663,9.988,8.851,9.87283
HAT-P-15 b,HAT-P-15,Transit,2010,G,5568.0,1.07,1.0,0.22,4.38,192.516,12.41,9.641,11.7232
HAT-P-16 b,HAT-P-16,Transit,2010,F,6140.0,1.158,1.218,0.17,4.396,226.637,10.911,9.553001,10.7568
HAT-P-17 b,HAT-P-17,Transit,2012,K,5246.0,0.87,0.99,0.0,4.53,92.3831,10.375,8.544,10.2743
HAT-P-17 c,HAT-P-17,Radial Velocity,2012,K,5336.96,0.838682,0.92,0.0512,4.55466,92.3831,10.375,8.544,10.2743
HAT-P-18 b,HAT-P-18,Transit,2010,K,4803.0,0.749,0.77,0.1,4.57,161.4,12.597,10.234,12.3682
HAT-P-19 b,HAT-P-19,Transit,2010,K,4962.0,0.773,0.807,0.166,4.5687,202.078,12.826,10.546,12.5567
HAT-P-2 b,HAT-P-2,Transit,2007,F,6380.0,1.39,1.33,0.18,4.16,127.774,8.72,7.603,8.59842
HAT-P-2 c,HAT-P-2,Radial Velocity,2023,F,6412.0,1.416,1.33,0.12,4.16,127.774,8.72,7.603,8.59842
HAT-P-20 b,HAT-P-20,Transit,2010,K,4595.0,0.694,0.756,0.35,4.63,71.0374,11.231,8.601,10.9903
HAT-P-21 b,HAT-P-21,Transit,2010,G,5588.0,1.21,1.24,0.01,4.33,277.278,11.459,10.111,11.5583
HAT-P-22 b,HAT-P-22,Transit,2010,G,5302.0,1.11,1.13,0.24,4.36,81.7647,9.763,7.837,9.51936
HAT-P-23 b,HAT-P-23,Transit,2010,G,5905.0,1.203,1.13,0.15,4.33,364.813,11.937,10.791,12.1741
HAT-P-24 b,HAT-P-24,Transit,2010,F,6373.0,1.38,1.37,-0.16,4.27,415.344,11.762,10.543,11.6396
HAT-P-25 b,HAT-P-25,Transit,2012,G,5519.0,0.919,1.012,0.294,4.516,300.384,13.146,10.815,12.8416
HAT-P-26 b,HAT-P-26,Transit,2010,K,5079.0,0.87,1.12,-0.04,4.56,141.837,11.757,9.581,11.4641
HAT-P-27 b,HAT-P-27,Transit,2011,G,5316.0,0.864673,0.916,0.3,4.52626,199.173,12.052,10.109,11.9562
HAT-P-28 b,HAT-P-28,Transit,2011,G,5680.0,1.103,1.025,0.12,4.36,401.319,13.098,11.104,12.8718
HAT-P-29 b,HAT-P-29,Transit,2011,F,6087.0,1.3,1.45,0.21,4.34,313.576,11.825,10.297,11.7336
HAT-P-3 b,HAT-P-3,Transit,2007,K,5185.0,0.87,1.06,0.27,4.56,134.554,11.856,9.448,11.2795
HAT-P-30 b,HAT-P-30,Transit,2011,F,6304.0,1.31,1.55,0.13,4.36,213.985,10.352,9.151,10.2998
HAT-P-33 b,HAT-P-33,Transit,2011,F,6446.0,1.79,1.82,0.05,4.15,396.11,11.032,10.004,11.0238
HAT-P-36 b,HAT-P-36,Transit,2011,G,5620.0,1.041,1.03,0.25,4.416,294.419,12.146,10.603,12.093
HAT-P-38 b,HAT-P-38,Transit,2012,G,5330.0,0.923,0.886,0.06,4.45,255.206,12.525,10.501,12.3021
HAT-P-4 b,HAT-P-4,Transit,2007,F,5860.0,1.596,1.248,0.24,4.127,320.451,11.118,9.770001,11.0634
HAT-P-43 b,HAT-P-43,Transit,2012,F,5693.0,1.08,1.03,0.2,4.38,528.825,13.279,11.764,13.2165
HAT-P-49 b,HAT-P-49,Transit,2014,F,6820.0,2.06,2.22,0.07,4.1,350.351,10.205,9.346,10.2071
HAT-P-5 b,HAT-P-5,Transit,2007,G,5960.0,1.12,1.04,0.24,4.37,303.336,11.954,10.481,11.8224
HAT-P-50 b,HAT-P-50,Transit,2015,F,6280.0,1.698,1.273,-0.18,4.072,515.458,11.703,10.5,11.6722
HAT-P-51 b,HAT-P-51,Transit,2015,G,5453.0,0.995,0.961,0.302,4.4256,440.089,13.51,11.614,13.2846
HAT-P-52 b,HAT-P-52,Transit,2015,K,5131.0,0.893,0.887,0.28,4.483,361.155,14.107,11.621,13.787
HAT-P-54 b,HAT-P-54,Transit,2015,K,4390.0,0.617,0.645,-0.127,4.667,143.651,13.398,10.326,13.0172
HAT-P-56 b,HAT-P-56,Transit,2015,F,6566.0,1.47,1.42,0.0,3.39,320.639,10.92,9.83,10.8245
HAT-P-57 b,HAT-P-57,Transit,2015,A,6330.0,1.85,2.77,-0.25,4.25,279.86,10.639,9.433,10.4253
HAT-P-65 b,HAT-P-65,Transit,2016,G,5872.0,1.666,1.297,0.208,4.1079,738.519,13.121,11.528,12.9952
HAT-P-66 b,HAT-P-66,Transit,2016,G,6002.0,1.881,1.255,0.035,3.993,935.456,13.014,11.675,12.8922
HAT-P-68 b,HAT-P-68,Transit,2020,K,4508.0,0.6701,0.6785,-0.059,4.615,202.152,13.802,11.019,13.5442
HAT-P-7 b,HAT-P-7,Transit,2008,F,6389.0,2.0,1.56,0.26,4.07,341.079,10.481,9.334,10.3654
HAT-P-8 b,HAT-P-8,Transit,2008,F,6200.0,1.57,1.27,0.01,4.15,211.553,10.358,8.953,10.1489
HAT-P-9 b,HAT-P-9,Transit,2008,F,6350.0,1.338,1.281,0.12,4.293,455.203,12.344,11.015,12.1536
HATS-11 b,HATS-11,Transit,2016,G,6563.0,1.54,1.33,0.03,4.19,944.603,14.06,12.243,13.8333
HATS-12 b,HATS-12,Transit,2016,F,6357.0,1.17,1.16,-0.1,4.36,746.138,12.831,11.391,12.6766
HATS-15 b,HATS-15,Transit,2016,G,5311.0,0.922,0.871,0.0,4.449,1139.55,14.909,12.724,14.6473
HATS-16 b,HATS-16,Transit,2016,G,5738.0,1.238,0.97,-0.1,4.239,757.044,13.957,12.28,13.6864
HATS-17 b,HATS-17,Transit,2016,G,5846.0,1.091,1.131,0.3,4.416,400.331,12.402,10.698,12.2179
HATS-18 b,HATS-18,Transit,2016,G,5600.0,1.02,1.037,0.28,4.436,624.368,14.188,12.289,13.8786
HATS-2 b,HATS-2,Transit,2013,K,5227.0,0.876,0.904,0.15,4.51,341.925,13.565,11.386,13.3419
HATS-22 b,HATS-22,Transit,2017,K,4803.0,0.689,0.759,0.0,4.644,229.518,13.397,10.942,13.1225
HATS-23 b,HATS-23,Transit,2017,G,5780.0,1.199,1.121,0.28,4.328,639.004,13.84,12.262,13.752
HATS-24 b,HATS-24,Transit,2017,F,6125.0,1.12,1.07,-0.229,4.37,494.182,12.915,11.382,12.6911
HATS-25 b,HATS-25,Transit,2016,G,5715.0,1.107,0.994,0.02,4.347,471.158,13.172,11.416,12.9353
HATS-26 b,HATS-26,Transit,2016,F,6071.0,2.04,1.299,-0.02,3.936,861.843,13.006,11.435,12.8431
HATS-27 b,HATS-27,Transit,2016,F,6438.0,1.74,1.415,0.09,4.107,816.988,12.782,11.55,12.6792
HATS-28 b,HATS-28,Transit,2016,G,5498.0,0.922,0.929,0.01,4.476,535.383,13.981,12.086,13.7929
HATS-29 b,HATS-29,Transit,2016,G,5670.0,1.073,1.032,0.16,4.389,353.891,12.62,10.877,12.4594
HATS-3 b,HATS-3,Transit,2013,F,6351.0,1.404,1.209,-0.157,4.22,411.211,12.433,10.694,11.8914
HATS-30 b,HATS-30,Transit,2016,G,5943.0,1.061,1.093,0.06,4.425,342.14,12.283,10.793,12.0815
HATS-36 b,HATS-36,Transit,2018,G,5950.0,1.1,1.1,0.15,4.4,856.436,14.364,12.809,14.233
HATS-4 b,HATS-4,Transit,2014,G,5403.0,0.925,1.001,0.43,4.51,416.459,13.516,11.612,13.2862
HATS-5 b,HATS-5,Transit,2014,G,5304.0,0.871,0.936,0.19,4.53,246.384,12.598,10.703,12.4288
HATS-54 b,HATS-54,Transit,2019,G,5621.0,1.23,1.05,0.37,4.2,748.585,13.937,12.17,13.7762
HATS-6 b,HATS-6,Transit,2015,M,3724.0,0.57,0.574,0.2,4.683,169.318,15.044,11.224,14.3601
HATS-7 b,HATS-7,Transit,2015,K,4985.0,0.815,0.849,0.25,4.545,240.707,13.347,10.976,13.0499
HATS-71 b,HATS-71,Transit,2020,M,3405.0,0.4783,0.4861,0.17,4.7653,140.225,16.437,11.727,15.3512
HD 100508 b,HD 100508,Radial Velocity,2026,K,5419.0,1.0179,0.94,0.33,4.39,32.7548,7.74,5.944,7.52487
HD 100655 b,HD 100655,Radial Velocity,2011,G,4891.0,10.06,2.28,0.07,2.79,137.178,6.4421,4.129,6.17883
HD 100777 b,HD 100777,Radial Velocity,2007,G,5533.0,1.04,1.08,-0.27,4.32,49.5336,8.42,6.735,8.2387
HD 101581 b,HIP 56998,Transit,2025,K,4675.0,0.63,0.653,-0.343,4.654,12.7781,7.77,5.101,7.38399
HD 101581 c,HIP 56998,Transit,2025,K,4675.0,0.63,0.653,-0.343,4.654,12.7781,7.77,5.101,7.38399
HD 10180 c,HD 10180,Radial Velocity,2010,G,5911.0,1.109,1.06,0.08,4.39,38.9607,7.33,5.868,7.17261
HD 10180 d,HD 10180,Radial Velocity,2010,G,5911.0,1.109,1.06,0.08,4.39,38.9607,7.33,5.868,7.17261
HD 10180 e,HD 10180,Radial Velocity,2010,G,5911.0,1.109,1.06,0.08,4.39,38.9607,7.33,5.868,7.17261
HD 10180 f,HD 10180,Radial Velocity,2010,G,5911.0,1.109,1.06,0.08,4.39,38.9607,7.33,5.868,7.17261
HD 10180 g,HD 10180,Radial Velocity,2010,G,5911.0,1.109,1.06,0.08,4.39,38.9607,7.33,5.868,7.17261
HD 10180 h,HD 10180,Radial Velocity,2010,G,5911.0,1.109,1.06,0.08,4.39,38.9607,7.33,5.868,7.17261
HD 101930 b,HD 101930,Radial Velocity,2005,K,5108.0,0.86,0.57,0.15,4.33,30.0274,8.21,6.147,7.96664
HD 102117 b,HD 102117,Radial Velocity,2005,G,5655.0,1.23,1.06,0.28,4.29,39.5792,7.47,5.833,7.28191
HD 102195 b,HD 102195,Radial Velocity,2006,K,5301.0,0.82,0.76,0.04,4.49,29.3386,8.07,6.151,7.84665
HD 102272 b,HD 102272,Radial Velocity,2008,K,4790.0,10.3,1.45,-0.41,2.58,347.097,8.69,6.259,8.40499
HD 102329 b,HD 102329,Radial Velocity,2011,K,4745.0,9.82,3.21,0.05,2.96,217.107,7.88,5.402,7.58172
HD 102329 c,HD 102329,Radial Velocity,2016,K,4830.0,6.3,1.3,0.3,3.0,217.107,7.88,5.402,7.58172
HD 102843 b,HD 102843,Radial Velocity,2019,K,5436.0,0.961488,0.95,0.16,4.45935,62.758,9.26,7.495,9.04883
HD 102888 b,HD 102888,Radial Velocity,2025,G,4990.0,8.6,2.42,0.07,2.87,126.484,6.48,4.269,6.22053
HD 102956 b,HD 102956,Radial Velocity,2010,G,4985.0,4.55,1.66,0.19,3.38,121.89,7.86,5.663,7.60844
HD 103197 b,HD 103197,Radial Velocity,2011,K,5250.0,0.88,0.8,0.22,4.45,57.1463,9.4,7.426,9.16421
HD 103720 b,HD 103720,Radial Velocity,2014,K,5017.0,0.73,0.794,-0.02,4.43,45.5352,9.5,7.283,9.22376
HD 103774 b,HD 103774,Radial Velocity,2013,F,6489.0,1.581047,1.335,0.28,4.26,56.4089,7.13463,6.0,7.00938
HD 103891 b,HD 103891,Radial Velocity,2022,F,6072.0,2.22,1.28,-0.19,3.79,55.5213,6.59451,5.187,6.436
HD 103949 b,HD 103949,Radial Velocity,2019,K,4792.0,0.753113,0.77,-0.07,4.59071,26.4997,8.7,6.314,8.38479
HD 104067 b,HD 104067,Radial Velocity,2011,K,4952.0,0.78,0.82,0.11,4.56,20.3632,7.92,5.614,7.62029
HD 104067 c,HD 104067,Radial Velocity,2024,K,4952.0,0.78,0.82,0.11,4.56,20.3632,7.92,5.614,7.62029
HD 10442 b,HD 10442,Radial Velocity,2014,K,4912.0,1.97,1.01,0.11,3.19,135.374,7.828,5.59,7.57742
HD 104985 b,HD 104985,Radial Velocity,2003,G,4738.0,11.12,1.22,-0.32,2.42,100.576,5.79389,3.274,5.49698
HD 105779 b,HD 105779,Radial Velocity,2022,G,5792.0,0.94,0.89,-0.25,4.36,55.2411,8.65,7.111,8.49018
HD 106252 b,HD 106252,Radial Velocity,2002,G,5874.0,1.05,1.05,-0.06,4.36,38.185,7.41,5.929,7.26281
HD 106270 b,HD 106270,Radial Velocity,2011,G,5509.0,2.66,1.39,0.06,3.72,93.808,7.58,5.862,7.39531
HD 106315 b,HD 106315,Transit,2017,F,6327.0,1.296,1.091,-0.311,4.252,109.353,8.951,7.853,8.88841
HD 106315 c,HD 106315,Transit,2017,F,6327.0,1.296,1.091,-0.311,4.252,109.353,8.951,7.853,8.88841
HD 10647 b,HD 10647,Radial Velocity,2006,F,6218.0,1.1,1.11,0.0,4.62,17.3357,5.52,4.34,5.38178
HD 106515 A b,HD 106515 A,Radial Velocity,2012,G,5362.0,0.91,0.89,0.03,4.41,34.0915,7.971,6.151,7.7777
HD 106906 b,HD 106906,Imaging,2013,F,6516.0,2.12351,1.5,0.04,3.90453,103.029,7.8,6.683,7.68639
HD 10697 b,HD 10697,Radial Velocity,1999,G,5641.0,1.863076,0.99,0.17,3.957761,33.1205,6.28262,4.601,6.10286
HD 107148 b,HD 107148,Radial Velocity,2005,G,5797.0,1.169193,1.12,0.314,4.446,49.4156,8.01,6.474,7.85111
HD 107148 c,HD 107148,Radial Velocity,2021,G,5752.92,1.169193,1.105215,0.2964,4.345025,49.4156,8.01,6.474,7.85111
HD 108147 b,HD 108147,Radial Velocity,2002,F,6255.73,1.20664,1.22,0.1803,4.36127,38.92,6.99,5.721,6.85345
HD 108202 b,HD 108202,Radial Velocity,2023,K,4556.03,0.66355,0.74,0.3048,4.65165,38.6846,10.26,7.31,9.78272
HD 108236 b,HD 108236,Transit,2020,G,5660.0,0.877,0.869,-0.28,4.49,64.5978,9.25,7.637,9.08745
HD 108236 c,HD 108236,Transit,2020,G,5660.0,0.877,0.869,-0.28,4.49,64.5978,9.25,7.637,9.08745
HD 108236 e,HD 108236,Transit,2020,G,5660.0,0.877,0.869,-0.28,4.49,64.5978,9.25,7.637,9.08745
HD 108236 f,HD 108236,Transit,2021,G,5660.0,0.877,0.869,-0.28,4.49,64.5978,9.25,7.637,9.08745
HD 108341 b,HD 108341,Radial Velocity,2014,K,5122.0,0.79,0.843,0.04,4.45,48.9102,9.38,7.326,9.14337
HD 108863 b,HD 108863,Radial Velocity,2011,K,4878.0,5.74,1.59,0.2,3.07,164.742,7.71,5.392,7.45422
HD 108874 b,HD 108874,Radial Velocity,2002,G,5600.0,1.05,1.1,0.26,4.44,59.5175,8.76,7.06,8.57502
HD 108874 c,HD 108874,Radial Velocity,2005,G,5551.0,1.05,0.95,0.19,4.44,59.5175,8.76,7.06,8.57502
HD 109246 b,HD 109246,Radial Velocity,2010,G,5844.0,1.07,1.2,0.1,4.46,67.8349,8.751,7.216,8.5873
HD 109271 b,HD 109271,Radial Velocity,2013,G,5783.0,1.294595,1.047,0.1,4.28,55.8716,8.04,6.495,7.87816
HD 109271 c,HD 109271,Radial Velocity,2013,G,5783.0,1.294595,1.047,0.1,4.28,55.8716,8.04,6.495,7.87816
HD 109286 b,HD 109286,Radial Velocity,2021,G,5694.0,1.089,0.98,0.05,4.44,55.4156,8.78,7.162,8.61599
HD 109749 b,HD 109749,Radial Velocity,2005,G,5824.0,1.22,1.13,0.24,4.31,63.0821,8.08,6.678,8.02456
HD 10975 b,HD 10975,Radial Velocity,2021,K,4840.0,11.16,1.41,-0.21,2.48,116.506,5.94188,3.875,5.67103
HD 110014 b,HD 110014,Radial Velocity,2009,K,4445.0,20.9,2.17,0.19,2.1,100.758,4.64597,2.011,4.31048
HD 110067 b,HD 110067,Transit,2023,K,5266.0,0.788,0.798,-0.2,4.54,32.1585,8.419,6.492,8.17208
HD 110067 c,HD 110067,Transit,2023,K,5266.0,0.788,0.798,-0.2,4.54,32.1585,8.419,6.492,8.17208
HD 110067 d,HD 110067,Transit,2023,K,5266.0,0.788,0.798,-0.2,4.54,32.1585,8.419,6.492,8.17208
HD 110067 e,HD 110067,Transit,2023,K,5266.0,0.788,0.798,-0.2,4.54,32.1585,8.419,6.492,8.17208
HD 110067 f,HD 110067,Transit,2023,K,5266.0,0.788,0.798,-0.2,4.54,32.1585,8.419,6.492,8.17208
HD 110067 g,HD 110067,Transit,2023,K,5266.0,0.788,0.798,-0.2,4.54,32.1585,8.419,6.492,8.17208
HD 110082 b,HD 110082,Transit,2021,F,6200.0,1.19,1.21,0.08,4.2,105.096,9.23,8.002,9.11523
HD 110113 b,HD 110113,Transit,2021,G,5732.0,0.968,0.997,0.14,4.46,106.307,10.09,8.502,9.91036
HD 110113 c,HD 110113,Radial Velocity,2021,G,5732.0,0.968,0.997,0.14,4.46,106.307,10.09,8.502,9.91036
HD 110537 b,HD 110537,Radial Velocity,2022,G,5718.0,1.16626,1.02,0.09,4.31308,45.0858,7.83,6.2,7.66105
HD 111232 b,HD 111232,Radial Velocity,2003,G,5512.0,0.9,0.96,-0.36,4.45,28.9571,7.59,5.898,7.40535
HD 111232 c,HD 111232,Radial Velocity,2022,G,5512.0,0.9,0.96,-0.36,4.45,28.9571,7.59,5.898,7.40535
HD 111998 b,HD 111998,Radial Velocity,2016,F,6557.0,1.45,1.4,0.07,4.19,33.2237,6.11006,4.993,5.99548
HD 112300 b,HD 112300,Radial Velocity,2023,M,3657.0,65.8,1.4,-0.06,0.8,62.07324,3.39515,-1.189,2.36431
HD 112570 b,HD 112570,Radial Velocity,2023,K,4750.0,9.85,1.15,-0.4,2.51,101.166,6.11055,3.486,5.82375
HD 112640 b,HD 112640,Radial Velocity,2020,K,4155.0,39.0,1.8,-0.09,1.7,323.335,6.53649,3.613,6.07664
HD 113337 b,HD 113337,Radial Velocity,2013,F,6774.0,1.5,1.41,0.07,4.21,36.18,6.02078,5.005,5.91168
HD 113337 c,HD 113337,Radial Velocity,2020,F,6774.0,1.5,1.41,0.07,4.21,36.18,6.02078,5.005,5.91168
HD 11343 c,HIP 8541,Radial Velocity,2022,K,4672.0,6.84,2.009,-0.19,2.95,155.121,7.88,5.29,7.56075
HD 113538 b,HD 113538,Radial Velocity,2010,K,4462.0,0.53,0.585,-0.24,3.79,16.2817,9.05,5.637,8.4428
HD 113538 c,HD 113538,Radial Velocity,2010,K,4462.0,0.53,0.585,-0.24,3.79,16.2817,9.05,5.637,8.4428
HD 113996 b,HD 113996,Radial Velocity,2017,K,4181.0,25.11,1.49,0.13,1.86,116.334,4.77044,1.493,4.22274
HD 114082 b,HD 114082,Radial Velocity,2022,F,6651.0,1.49,1.47,0.0,4.19,95.3906,8.2,7.163,8.09394
HD 114386 b,HD 114386,Radial Velocity,2003,K,4836.0,0.76,0.6,-0.05,4.45,27.9243,8.73,6.351,8.41823
HD 114386 c,HD 114386,Radial Velocity,2026,K,4895.0,0.76,0.8,-0.1,4.28,27.9243,8.73,6.351,8.41823
HD 114729 b,HD 114729,Radial Velocity,2002,G,5844.0,1.473,0.936,-0.33,4.046,37.8063,6.68,5.136,6.51382
HD 114783 b,HD 114783,Radial Velocity,2001,K,5135.0,0.840622,0.853,0.21,4.525599,21.0628,7.56,5.475,7.31783
HD 114783 c,HD 114783,Radial Velocity,2016,K,5135.0,0.840622,0.9,0.21,4.525599,21.0628,7.56,5.475,7.31783
HD 11506 b,HD 11506,Radial Velocity,2007,G,6123.0,1.24,1.22,0.3,4.39,51.261,7.51,6.168,7.37382
HD 11506 c,HD 11506,Radial Velocity,2008,G,6123.0,1.24,1.22,0.3,4.39,51.261,7.51,6.168,7.37382
HD 11506 d,HD 11506,Radial Velocity,2022,G,6123.0,1.24,1.22,0.3,4.39,51.261,7.51,6.168,7.37382
HD 115404 A b,HD 115404 A,Radial Velocity,2022,K,5019.17,0.727007,0.83,-0.1568,4.63407,10.9816,6.50066,4.381,6.28558
HD 115404 A c,HD 115404 A,Radial Velocity,2022,K,5019.17,0.727007,0.83,-0.1568,4.63407,10.9816,6.50066,4.381,6.28558
HD 115954 b,HD 115954,Radial Velocity,2021,G,5957.0,1.213,1.18,0.34,4.15,87.6437,8.34,6.87,8.18736
HD 116029 b,HD 116029,Radial Velocity,2011,K,4819.0,4.89,0.83,0.09,2.98,123.245,7.88,5.534,7.60909
HD 116029 c,HD 116029,Radial Velocity,2016,K,4951.0,4.6,1.33,0.18,3.4,123.245,7.88,5.534,7.60909
HD 117207 b,HD 117207,Radial Velocity,2004,G,5732.0,1.074,1.053,0.19,4.371,32.3547,7.26,5.65,7.07737
HD 11755 b,HD 11755,Radial Velocity,2015,G,4312.0,20.58,0.72,-0.74,1.67,235.045,6.88269,3.76,6.46378
HD 117618 b,HD 117618,Radial Velocity,2004,G,5990.0,1.2,1.077,0.0283,4.41,37.7781,7.17,5.737,7.0216
HD 118203 b,HD 118203,Radial Velocity,2005,K,5742.0,2.04,1.27,0.287,3.92,92.2589,8.05,6.543,7.89255
HD 118203 c,HD 118203,Radial Velocity,2024,K,5742.0,2.04,1.27,0.287,3.92,92.2589,8.05,6.543,7.89255
HD 11964 b,HD 11964,Radial Velocity,2005,G,5303.0,2.00971,0.91,0.1,3.79084,33.5369,6.41525,4.491,6.209
HD 11964 c,HD 11964,Radial Velocity,2008,G,5303.0,2.00971,0.91,0.1,3.79084,33.5369,6.41525,4.491,6.209
HD 11977 b,HD 11977,Radial Velocity,2005,G,4970.0,10.09,1.91,-0.21,2.9,67.9331,4.68,2.59,4.43863
HD 120084 b,HD 120084,Radial Velocity,2013,G,4879.0,10.37,2.16,0.1,2.74,103.044,5.90686,3.572,5.65211
HD 121504 b,HD 121504,Radial Velocity,2003,G,6027.0,1.07,1.62,0.15,4.59,41.6592,7.54,6.124,7.39023
HD 124330 b,HD 124330,Radial Velocity,2021,G,5873.0,1.30446,1.15,0.22,4.24,60.1977,7.88,6.389,7.71674
HD 12484 b,HD 12484,Radial Velocity,2016,F,5920.0,1.001848,1.01,0.05,4.65,48.3367,8.18,6.706,8.04463
HD 125390 b,HD 125390,Radial Velocity,2019,G,4882.0,6.47,1.82,-0.11,3.04,153.647,8.21,5.875,7.94061
HD 125595 b,HD 125595,Radial Velocity,2011,K,4691.0,0.74,0.29,0.08,4.17,28.1989,9.03,6.447,8.6555
HD 125612 b,HD 125612,Radial Velocity,2007,G,5900.0,1.07,1.05,0.23,4.45,57.6207,8.31,6.838,8.1559
HD 125612 c,HD 125612,Radial Velocity,2009,G,5900.0,1.07,1.05,0.23,4.45,57.6207,8.31,6.838,8.1559
HD 125612 d,HD 125612,Radial Velocity,2009,G,5900.0,1.07,1.05,0.23,4.45,57.6207,8.31,6.838,8.1559
HD 126105 b,HD 126105,Radial Velocity,2026,K,4875.0,4.21,1.2,0.0,3.18,82.8811,7.32,4.947,7.05099
HD 12648 b,HD 12648,Radial Velocity,2015,G,4835.0,11.02,0.67,-0.57,2.18,182.192,6.98656,4.743,6.7184
HD 126525 b,HD 126525,Radial Velocity,2018,G,5638.0,0.979,0.897,-0.1,4.382,37.6506,7.85,6.215,7.66978
HD 12661 b,HD 12661,Radial Velocity,2000,K,5645.0,1.2,1.2,0.36,4.36,37.8478,7.43,5.861,7.24746
HD 12661 c,HD 12661,Radial Velocity,2002,K,5748.0,1.11,1.02,0.36,4.316128,37.8478,7.43,5.861,7.24746
HD 126614 b,HD 126614,Radial Velocity,2009,G,5568.0,1.369794,0.96,0.56,4.174243,73.0961,8.81,7.06,8.61907
HD 127506 b,HD 127506,Radial Velocity,2022,K,4595.32,0.735766,0.73,-0.08,4.56791,22.5279,8.7,6.135,8.33201
HD 128311 b,HD 128311,Radial Velocity,2002,K,4965.0,0.76,0.828,0.08,4.61,16.3292,7.48,5.142,7.16719
HD 128311 c,HD 128311,Radial Velocity,2005,K,4965.0,0.76,0.828,0.08,4.61,16.3292,7.48,5.142,7.16719
HD 128356 b,HD 128356,Radial Velocity,2016,K,4875.0,0.85,0.65,0.17,4.52,26.1548,8.2411,5.997,7.97745
HD 129445 b,HD 129445,Radial Velocity,2009,G,5646.0,1.175816,0.99,0.25,4.28,67.4386,8.8,7.167,8.6178
HD 130322 b,HD 130322,Radial Velocity,1999,K,5387.0,0.85,0.92,-0.02,4.52,31.8766,8.04,6.234,7.83448
HD 131496 b,HD 131496,Radial Velocity,2011,K,4846.0,4.44,1.34,0.25,3.18,131.849,7.8,5.437,7.52124
HD 13167 b,HD 13167,Radial Velocity,2018,G,5671.0,2.39,1.35,0.19,3.72,148.934,8.34,6.711,8.15997
HD 13189 b,HD 13189,Radial Velocity,2005,K,4175.0,38.41,2.24,-0.37,1.62,497.823,7.57,3.997,7.01743
HD 132406 b,HD 132406,Radial Velocity,2007,G,5766.0,1.34,0.973,0.1293,4.19,70.7832,8.45,6.87,8.28075
HD 132563 b,HD 132563,Radial Velocity,2011,F,6289.0,1.29577,1.231,-0.06,4.30327,105.155,8.928001,7.431,8.85821
HD 133131 A b,HD 133131 A,Radial Velocity,2016,G,5799.0,0.955014,0.95,-0.306,4.39,51.4736,7.66,6.895,8.27532
HD 133131 A c,HD 133131 A,Radial Velocity,2016,G,5799.0,0.955014,0.95,-0.306,4.39,51.4736,7.66,6.895,8.27532
HD 133131 B b,HD 133131 B,Radial Velocity,2016,G,5805.0,0.989538,0.93,-0.281,4.41,51.2993,8.413,6.896,8.25674
HD 134060 b,HD 134060,Radial Velocity,2019,G,5966.0,1.164285,1.095,0.14,4.43,24.0125,6.29,4.836,6.13951
HD 134060 c,HD 134060,Radial Velocity,2019,G,5966.0,1.164285,1.095,0.14,4.43,24.0125,6.29,4.836,6.13951
HD 134606 b,HD 134606,Radial Velocity,2024,G,5576.0,1.158,1.046,0.343,4.33,26.7909,6.86,5.177,6.67835
HD 134606 c,HD 134606,Radial Velocity,2024,G,5576.0,1.158,1.046,0.343,4.33,26.7909,6.86,5.177,6.67835
HD 134606 d,HD 134606,Radial Velocity,2024,G,5576.0,1.158,1.046,0.343,4.33,26.7909,6.86,5.177,6.67835
HD 134606 e,HD 134606,Radial Velocity,2024,G,5576.0,1.158,1.046,0.343,4.33,26.7909,6.86,5.177,6.67835
HD 134606 f,HD 134606,Radial Velocity,2024,G,5576.0,1.158,1.046,0.343,4.33,26.7909,6.86,5.177,6.67835
HD 134987 b,HD 134987,Radial Velocity,1999,G,5736.0,1.22,1.1,0.28,4.31,26.1804,6.47,4.882,6.28994
HD 134987 c,HD 134987,Radial Velocity,2009,G,5585.0,1.25,1.1,0.28,4.31,26.1804,6.47,4.882,6.28994
HD 135344 A b,HD 135344 A,Imaging,2025,A,9540.0,1.5,2.32,0.05,4.41545,141.595,7.765,7.563,7.73711
HD 135625 b,HD 135625,Radial Velocity,2023,G,6040.64,1.35743,1.28,0.12,4.22185,56.518,7.72,6.29,7.56578
HD 136118 b,HD 136118,Radial Velocity,2022,F,6097.0,1.67754,1.18,-0.05,4.053,51.4359,6.9456,5.599,6.79664
HD 136352 b,HD 136352,Radial Velocity,2019,G,5664.0,1.058,0.87,-0.24,4.39,14.682,5.65,4.159,5.48495
HD 136352 c,HD 136352,Radial Velocity,2019,G,5664.0,1.058,0.87,-0.24,4.39,14.682,5.65,4.159,5.48495
HD 136352 d,HD 136352,Radial Velocity,2019,G,5664.0,1.058,0.87,-0.24,4.39,14.682,5.65,4.159,5.48495
HD 137388 b,HD 137388,Radial Velocity,2011,K,5181.0,0.88,0.68,0.19,4.39,40.4841,8.71,6.763,8.47996
HD 137496 b,HD 137496,Transit,2021,G,5799.0,1.59,1.04,-0.03,4.05,155.317,9.899,8.244,9.77168
HD 137496 c,HD 137496,Radial Velocity,2021,G,5799.0,1.59,1.04,-0.03,4.05,155.317,9.899,8.244,9.77168
HD 13808 b,HD 13808,Radial Velocity,2021,K,5035.0,0.781,0.771,-0.21,4.57546,28.2305,8.36,6.25,8.11006
HD 13808 c,HD 13808,Radial Velocity,2021,K,5035.0,0.781,0.771,-0.21,4.57546,28.2305,8.36,6.25,8.11006
HD 13908 b,HD 13908,Radial Velocity,2013,F,6255.0,1.67,1.29,0.01,4.11,79.5515,7.52,6.21,7.3845
HD 13908 c,HD 13908,Radial Velocity,2013,F,6255.0,1.67,1.29,0.01,4.11,79.5515,7.52,6.21,7.3845
HD 13931 b,HD 13931,Radial Velocity,2009,G,5867.0,1.25,1.3,0.05,4.36,47.3963,7.61,6.139,7.45464
HD 139357 b,HD 139357,Radial Velocity,2008,K,4700.0,11.47,2.69,-0.13,2.9,112.09,5.97272,3.406,5.6303
HD 1397 b,HD 1397,Transit,2018,G,5521.0,2.336,1.324,0.29,3.823,79.5702,7.79,5.988,7.59336
HD 14067 b,HD 14067,Radial Velocity,2014,G,4815.0,12.4,2.4,-0.1,2.61,142.024,6.53329,4.097,6.23751
HD 140901 b,HD 140901,Radial Velocity,2022,G,5610.0,0.95,0.99,0.0859,4.46,15.2528,6.01,4.323,5.83135
HD 140901 c,HD 140901,Radial Velocity,2022,G,5610.0,0.95,1.06,0.0859,4.46,15.2528,6.01,4.323,5.83135
HD 141004 b,HD 141004,Radial Velocity,2021,G,5885.38,1.389372,1.051904,0.0247,4.17384,11.8148,4.4154,2.989,4.27965
HD 141399 b,HD 141399,Radial Velocity,2014,K,5600.0,1.387236,1.07,0.35,4.28,37.0169,7.20856,5.499,7.00926
HD 141399 c,HD 141399,Radial Velocity,2014,K,5600.0,1.387236,1.07,0.35,4.28,37.0169,7.20856,5.499,7.00926
HD 141399 d,HD 141399,Radial Velocity,2014,K,5600.0,1.387236,1.07,0.35,4.28,37.0169,7.20856,5.499,7.00926
HD 141399 e,HD 141399,Radial Velocity,2014,K,5600.0,1.387236,1.07,0.35,4.28,37.0169,7.20856,5.499,7.00926
HD 141937 b,HD 141937,Radial Velocity,2002,G,5870.0,1.03,1.09,0.12,4.45,33.3622,7.25,5.764,7.09149
HD 142 A d,HD 142,Radial Velocity,2022,F,6245.0,1.47,1.21,0.09,4.62,26.1853,5.7,4.474,5.58442
HD 142 b,HD 142,Radial Velocity,2001,F,6245.0,1.47,1.21,0.09,4.62,26.1853,5.7,4.474,5.58442
HD 142 c,HD 142,Radial Velocity,2012,F,6245.0,1.47,1.21,0.09,4.62,26.1853,5.7,4.474,5.58442
HD 142022 A b,HD 142022 A,Radial Velocity,2005,G,5421.0,1.04,0.9,0.19,4.35,34.2802,7.7,5.964,7.51423
HD 142245 b,HD 142245,Radial Velocity,2011,K,4922.0,4.63,3.5,0.17,3.65,97.2305,7.46,5.11,7.18949
HD 142415 b,HD 142415,Radial Velocity,2003,G,5940.0,1.04,1.07,0.13,4.44,35.5318,7.33,5.892,7.17789
HD 143105 b,HD 143105,Radial Velocity,2016,F,6380.0,1.647304,1.51,0.15,4.37,46.7789,6.77005,5.519,6.62583
HD 143361 b,HD 143361,Radial Velocity,2008,G,5507.0,0.916,0.968,0.14,4.472,68.5146,9.2,7.488,9.01602
HD 145377 b,HD 145377,Radial Velocity,2008,G,6014.0,1.05,1.2,0.11,4.47,53.4884,9.236,6.706,7.96999
HD 145457 b,HD 145457,Radial Velocity,2010,K,4757.0,9.9,1.9,-0.14,2.77,135.292,6.57226,4.122,6.28309
HD 145675 c,14 Her,Radial Velocity,2021,K,5338.0,0.93,0.97,0.43,4.45,17.9323,6.61935,4.714,6.383
HD 145934 b,HD 145934,Radial Velocity,2015,K,4823.75,6.930587,2.058,0.0951,3.011205,227.881,8.495,6.145,8.24065
HD 1461 b,HD 1461,Radial Velocity,2010,G,5765.0,1.152288,1.02,0.19,4.38,23.4534,6.47933,4.897,6.29454
HD 1461 c,HD 1461,Radial Velocity,2015,G,5765.0,1.152288,1.02,0.19,4.38,23.4534,6.47933,4.897,6.29454
HD 147018 b,HD 147018,Radial Velocity,2009,G,5441.0,0.937948,0.927,0.1,4.42,40.4256,8.3,6.571,8.11145
HD 147018 c,HD 147018,Radial Velocity,2009,G,5441.0,0.937948,0.927,0.1,4.42,40.4256,8.3,6.571,8.11145
HD 147379 b,HD 147379,Radial Velocity,2017,M,4090.0,0.628304,0.58,0.16,4.609,10.7643,8.61,4.953,7.90052
HD 147513 b,HD 147513,Radial Velocity,2003,G,5883.0,0.98,1.11,0.06,4.51,12.9032,5.37,3.933,5.22664
HD 14787 b,HD 14787,Radial Velocity,2018,G,4946.0,5.01,1.43,0.0,3.23,119.137,7.63,5.388,7.37839
HD 147873 b,HD 147873,Radial Velocity,2016,G,5972.0,2.29,1.38,0.03,3.86,109.055,7.96,6.581,7.81828
HD 147873 c,HD 147873,Radial Velocity,2016,G,5972.0,2.29,1.38,0.03,3.86,109.055,7.96,6.581,7.81828
HD 148156 b,HD 148156,Radial Velocity,2009,G,6308.0,1.21,1.22,0.29,4.56,57.1289,7.69,6.397,7.55508
HD 148164 b,HD 148164,Radial Velocity,2018,F,6032.0,1.34,1.21,0.24,4.1581,77.1971,8.23,6.906,8.0907
HD 148164 c,HD 148164,Radial Velocity,2018,F,6032.0,1.34,1.21,0.24,4.1581,77.1971,8.23,6.906,8.0907
HD 148427 b,HD 148427,Radial Velocity,2009,K,5025.0,3.86,1.64,0.154,3.48,71.3499,6.90498,4.682,6.63542
HD 149026 b,HD 149026,Radial Velocity,2005,G,6179.0,1.41,1.42,0.32,4.37,75.8643,8.15,6.819,8.01416
HD 149143 b,HD 149143,Radial Velocity,2005,G,5856.0,1.44,1.2,0.29,4.25,73.2801,7.89,6.434,7.74081
HD 149806 b,HD 149806,Radial Velocity,2022,K,5352.05,0.89,0.93,0.2206,4.51,20.2727,7.08308,5.183,6.86807
HD 150010 b,HD 150010,Radial Velocity,2022,K,4153.0,16.2,1.3,-0.25,2.1,144.49,6.2893,3.177,5.86642
HD 1502 b,HD 1502,Radial Velocity,2011,K,4947.0,4.67,1.46,0.09,3.18,190.953,8.36,6.12,8.10417
HD 150706 b,HD 150706,Radial Velocity,2012,G,5961.0,0.96,1.17,-0.01,4.5,28.2697,7.03,5.565,6.85038
HD 152079 b,HD 152079,Radial Velocity,2009,G,5907.0,1.128,1.147,0.29,4.365,87.8888,9.18,7.634,9.01051
HD 152581 b,HD 152581,Radial Velocity,2011,K,5027.0,5.14,1.3,-0.46,3.29,165.76,8.38,6.173,8.12746
HD 152843 b,HD 152843,Transit,2021,G,6310.0,1.43,1.15,-0.16,4.19,107.898,8.855,7.629,8.76412
HD 152843 c,HD 152843,Transit,2021,G,6310.0,1.43,1.15,-0.16,4.19,107.898,8.855,7.629,8.76412
HD 15337 b,HD 15337,Transit,2019,K,5131.0,0.855,0.829,0.03,4.48,44.8155,9.1,7.044,8.85598
HD 15337 c,HD 15337,Transit,2019,K,5131.0,0.855,0.829,0.03,4.48,44.8155,9.1,7.044,8.85598
HD 153950 b,HD 153950,Radial Velocity,2008,F,6124.0,1.28,1.25,-0.01,4.32,48.4549,7.39,6.006,7.23813
HD 154088 b,HD 154088,Radial Velocity,2021,K,5374.0,0.95,0.91,0.28,4.37,18.2692,6.59,4.758,6.36693
HD 154345 b,HD 154345,Radial Velocity,2006,G,5468.0,0.85,0.89,-0.105,4.505283,18.284,6.76,5.003,6.56771
HD 154391 b,HD 154391,Radial Velocity,2023,K,4909.0,8.56,2.07,0.1,2.89,100.947,6.1552,3.896,5.89921
HD 154672 b,HD 154672,Radial Velocity,2008,G,5743.0,1.32,1.18,0.25,4.27,63.0484,8.21,6.612,8.03732
HD 154857 b,HD 154857,Radial Velocity,2004,G,5589.0,2.3,1.96,-0.22,4.01,63.4482,7.24,5.509,7.04837
HD 154857 c,HD 154857,Radial Velocity,2014,G,5605.0,1.76,1.718,-0.2,3.82,63.4482,7.24,5.509,7.04837
HD 155193 b,HD 155193,Radial Velocity,2021,F,6239.0,1.76439,1.221,0.05,4.26,57.7995,7.0092,5.715,6.86686
HD 155358 b,HD 155358,Radial Velocity,2007,G,5905.0,1.38,1.15,-0.6,4.22,43.6197,7.28,5.808,7.12074
HD 155358 c,HD 155358,Radial Velocity,2007,G,5900.0,1.38,0.92,-0.51,4.16,43.6197,7.28,5.808,7.12074
HD 155918 b,HD 155918,Radial Velocity,2022,G,5771.84,1.01906,1.03,-0.6616,4.43451,27.561,7.0,5.459,6.8406
HD 155918 c,HD 155918,Radial Velocity,2022,G,5771.84,1.01906,1.03,-0.6616,4.43451,27.561,7.0,5.459,6.8406
HD 156279 b,HD 156279,Radial Velocity,2011,G,5453.0,0.95,0.94,0.14,4.46,36.1945,8.07,6.269,7.86569
HD 156279 c,HD 156279,Radial Velocity,2016,G,5453.0,0.95,0.94,0.14,4.46,36.1945,8.07,6.269,7.86569
HD 156411 b,HD 156411,Radial Velocity,2009,F,5900.0,2.16,1.25,-0.12,4.07,56.8655,6.67,5.17,6.5121
HD 156668 b,HD 156668,Radial Velocity,2010,K,4850.0,0.72,0.772,0.05,4.598,24.3323,8.43,6.004,8.10753
HD 156668 c,HD 156668,Radial Velocity,2021,K,4903.69,0.774528,0.785167,0.0493,4.551151,24.3323,8.43,6.004,8.10753
HD 156846 b,HD 156846,Radial Velocity,2007,G,6090.0,1.9,1.38,0.15,4.02,47.7332,6.5,5.149,6.3623
HD 158038 b,HD 158038,Radial Velocity,2011,K,4860.0,4.5,1.3,0.19,3.24,94.8625,7.47,5.156,7.2068
HD 158996 b,HD 158996,Radial Velocity,2018,K,4069.0,50.3,1.8,-0.2,1.4,283.659,5.72291,2.133,5.18609
HD 15906 b,HD 15906,Transit,2023,K,4757.0,0.762,0.79,0.02,4.49,45.5621,9.78,7.459,9.47728
HD 15906 c,HD 15906,Transit,2023,K,4757.0,0.762,0.79,0.02,4.49,45.5621,9.78,7.459,9.47728
HD 159243 b,HD 159243,Radial Velocity,2013,G,6123.0,1.12,1.125,0.05,4.55,73.3055,8.65,7.297,8.51188
HD 159243 c,HD 159243,Radial Velocity,2013,G,6123.0,1.12,1.125,0.05,4.55,73.3055,8.65,7.297,8.51188
HD 159868 b,HD 159868,Radial Velocity,2006,G,5534.0,2.13,1.19,-0.08,3.92,55.8503,7.24,5.535,7.04579
HD 159868 c,HD 159868,Radial Velocity,2012,G,5534.0,2.13,1.19,-0.08,3.92,55.8503,7.24,5.535,7.04579
HD 1605 b,HD 1605,Radial Velocity,2015,K,4915.0,3.49,1.33,0.22,3.4,88.8047,7.52,5.272,7.25688
HD 1605 c,HD 1605,Radial Velocity,2015,K,4915.0,3.49,1.33,0.22,3.4,88.8047,7.52,5.272,7.25688
HD 160691 b,HD 160691,Radial Velocity,2000,G,5773.0,1.33,1.13,0.28,4.2,15.5981,5.12,3.683,4.94916
HD 160691 c,HD 160691,Radial Velocity,2004,G,5773.0,1.33,1.13,0.28,4.2,15.5981,5.12,3.683,4.94916
HD 160691 d,HD 160691,Radial Velocity,2004,G,5773.0,1.33,1.13,0.28,4.2,15.5981,5.12,3.683,4.94916
HD 160691 e,HD 160691,Radial Velocity,2006,G,5773.0,1.33,1.13,0.28,4.2,15.5981,5.12,3.683,4.94916
HD 161178 b,HD 161178,Radial Velocity,2021,G,4786.0,10.95,1.06,-0.21,2.38,107.188,5.88375,3.657,5.59958
HD 16141 b,HD 16141,Radial Velocity,2000,G,5757.0,1.48,1.11,0.13,4.14,37.7861,6.834,5.266,6.65773
HD 16175 b,HD 16175,Radial Velocity,2009,G,5981.0,1.72,1.63,0.3,4.18,59.859,7.297,5.853,7.1291
HD 162020 b,HD 162020,Radial Velocity,2002,K,4723.0,0.75,0.42,-0.1,4.31,30.8248,9.1,6.539,8.75949
HD 163607 b,HD 163607,Radial Velocity,2012,G,5522.0,1.76,1.12,0.21,3.97,67.7855,8.0,6.271,7.81298
HD 163607 c,HD 163607,Radial Velocity,2012,G,5522.0,1.76,1.12,0.21,3.97,67.7855,8.0,6.271,7.81298
HD 16417 b,HD 16417,Radial Velocity,2008,G,5841.0,1.639984,1.2,0.06,4.16,25.3936,5.78,4.246,5.61319
HD 164509 b,HD 164509,Radial Velocity,2012,G,5859.0,1.11,1.12,0.2,4.44,53.1119,8.1,6.586,7.95594
HD 164595 b,HD 164595,Radial Velocity,2015,G,5790.0,1.023606,0.99,-0.04,4.44,28.254,7.08597,5.482,6.89472
HD 164604 b,HD 164604,Radial Velocity,2009,K,4663.0,0.78,0.77,0.12,4.49,39.3633,9.62,7.169,9.32786
HD 164604 c,HD 164604,Radial Velocity,2026,K,4663.0,0.78,0.77,0.12,4.49,39.3633,9.62,7.169,9.32786
HD 164922 b,HD 164922,Radial Velocity,2005,G,5390.0,0.946,0.926,0.18,4.46,22.0016,7.01227,5.113,6.78614
HD 164922 c,HD 164922,Radial Velocity,2016,G,5390.0,0.946,0.926,0.18,4.46,22.0016,7.01227,5.113,6.78614
HD 164922 d,HD 164922,Radial Velocity,2020,G,5390.0,0.946,0.926,0.18,4.46,22.0016,7.01227,5.113,6.78614
HD 164922 e,HD 164922,Radial Velocity,2021,G,5393.43,1.001813,0.921146,0.1967,4.398073,22.0016,7.01227,5.113,6.78614
HD 165131 b,HD 165131,Radial Velocity,2023,G,5870.0,1.06419,1.06,0.06,4.39,57.4263,8.42,6.927,8.26134
HD 165155 b,HD 165155,Radial Velocity,2016,G,5426.0,0.95,1.02,0.09,4.49,63.3574,9.36,7.584,9.21413
HD 1666 b,HD 1666,Radial Velocity,2015,F,6317.0,1.93,1.5,0.37,4.06,117.908,8.17,6.964,8.05121
HD 166724 b,HD 166724,Radial Velocity,2012,K,5127.0,0.797485,0.81,-0.09,4.43,45.1342,9.33,7.246,9.06863
HD 167042 b,HD 167042,Radial Velocity,2007,K,4919.0,4.63,1.39,-0.01,3.23,49.6633,5.98796,3.55,5.72384
HD 16760 b,HD 16760,Radial Velocity,2009,G,5518.0,0.835,0.93,0.067,4.47,50.17561,8.7,7.033,8.55541
HD 167677 b,HD 167677,Radial Velocity,2023,G,5474.0,0.95271,0.96,-0.29,4.43,54.3258,8.9,7.155,8.7114
HD 167768 b,HD 167768,Radial Velocity,2022,G,4851.0,9.7,1.08,-0.67,2.5,107.214,5.98894,3.895,5.7545
HD 168009 b,HD 168009,Radial Velocity,2021,G,5778.33,1.209505,0.986073,0.0183,4.265027,23.3032,6.295,4.756,6.14052
HD 168443 b,HD 168443,Radial Velocity,1998,G,5491.0,1.711479,0.98,0.04,3.987745,39.6245,6.92122,5.211,6.73166
HD 168443 c,HD 168443,Radial Velocity,2000,G,5491.0,1.711479,0.98,0.04,3.987745,39.6245,6.92122,5.211,6.73166
HD 168746 b,HD 168746,Radial Velocity,2002,G,5570.0,1.09,1.07,-0.08,4.39,41.5681,7.95,6.253,7.77169
HD 1690 b,HD 1690,Radial Velocity,2010,K,4374.0,21.66,1.86,-0.27,2.04,752.615,9.19,6.018,8.74943
HD 16905 b,HD 16905,Radial Velocity,2022,K,4866.12,0.77494,0.85,0.2405,4.55716,39.7401,9.44,7.086,9.11324
HD 169830 b,HD 169830,Radial Velocity,2000,F,6300.0,1.935709,1.17,0.21,4.008828,37.6048,5.9,4.688,5.77641
HD 169830 c,HD 169830,Radial Velocity,2003,F,6300.0,1.935709,1.17,0.21,4.008828,37.6048,5.9,4.688,5.77641
HD 170469 b,HD 170469,Radial Velocity,2007,G,5842.0,1.24,1.1,0.29,4.3,60.178,8.21,6.707,8.04953
HD 17092 b,HD 17092,Radial Velocity,2007,K,4326.0,13.58,6.73,0.18,3.0,228.422,7.732,4.807,7.33993
HD 171028 b,HD 171028,Radial Velocity,2007,G,5671.0,2.47,1.53,-0.48,3.84,111.659,8.292,6.604,8.10233
HD 171238 b,HD 171238,Radial Velocity,2009,G,5467.0,1.01,0.92,0.2,4.43,44.8113,8.61,6.831,8.41099
HD 17156 b,HD 17156,Radial Velocity,2007,G,6046.0,1.517,1.285,0.208,4.184,78.0863,8.17,6.763,8.03298
HD 173416 b,HD 173416,Radial Velocity,2008,G,4683.0,13.5,2.0,-0.22,2.48,132.184,6.04188,3.814,5.75681
HD 174205 b,HD 174205,Radial Velocity,2022,K,4308.0,26.6,1.8,-0.28,1.8,234.027,6.28209,3.574,5.89765
HD 175167 b,HD 175167,Radial Velocity,2009,G,5635.0,1.75,1.09,0.28,4.09,71.0863,8.01,6.288,7.82424
HD 175541 b,HD 175541,Radial Velocity,2007,G,5013.0,4.19,1.39,-0.07,3.33,129.603,8.020001,5.829,7.75927
HD 175607 b,HD 175607,Radial Velocity,2015,G,5392.0,0.7,0.71,-0.62,4.64,40.3303,8.6,6.881,8.40957
HD 17674 b,HD 17674,Radial Velocity,2017,G,5904.0,1.18,0.98,-0.16,4.34,44.4264,7.535,6.093,7.40113
HD 176986 b,HD 176986,Radial Velocity,2017,K,4931.0,0.782,0.789,0.03,4.44,27.7843,8.42,6.22,8.14249
HD 176986 c,HD 176986,Radial Velocity,2017,K,4931.0,0.782,0.789,0.03,4.44,27.7843,8.42,6.22,8.14249
HD 176986 d,HD 176986,Radial Velocity,2026,K,4931.0,0.782,0.789,0.03,4.44,27.7843,8.42,6.22,8.14249
HD 177565 b,HD 177565,Radial Velocity,2017,G,5627.0,0.971489,1.0,0.0812,4.39,16.9179,6.15,4.539,5.9739
HD 177830 b,HD 177830,Radial Velocity,1999,K,4901.0,3.26,1.7,0.42,3.64,62.7674,7.18,4.809,6.8866
HD 177830 c,HD 177830,Radial Velocity,2010,K,4949.0,2.62,1.47,0.545,3.65,62.7674,7.18,4.809,6.8866
HD 178911 B b,HD 178911 B,Radial Velocity,2001,G,5588.0,1.08,1.24,0.24,4.46,40.9727,7.97,6.375,7.86705
HD 179079 b,HD 179079,Radial Velocity,2008,G,5646.0,1.63,1.14,0.24,4.16,69.7116,7.95,6.311,7.77454
HD 179949 b,HD 179949,Radial Velocity,2000,F,6168.0,1.266865,1.21,0.137,4.341,27.4573,6.25,4.936,6.1106
HD 180053 b,HD 180053,Radial Velocity,2018,K,5131.0,4.06,1.75,0.25,3.54,137.043,7.93,5.84,7.70327
HD 18015 b,HD 18015,Radial Velocity,2018,G,5603.0,3.13,1.49,-0.14,3.64,123.801,7.89,6.204,7.72194
HD 180314 b,HD 180314,Radial Velocity,2010,K,4917.0,9.2,2.6,0.2,2.98,122.362,6.61519,4.312,6.34583
HD 180617 b,HD 180617,Radial Velocity,2018,M,3534.0,0.481,0.484,-0.04,4.9,5.91059,9.12,4.673,8.0976
HD 180902 b,HD 180902,Radial Velocity,2009,K,4961.0,4.16,1.41,0.04,3.36,104.577,7.78,5.543,7.52132
HD 181234 b,HD 181234,Radial Velocity,2019,G,5386.0,1.059423,0.94,0.32,4.374546,47.7458,8.59,6.689,8.36926
HD 181342 b,HD 181342,Radial Velocity,2009,K,4945.0,4.71,1.69,0.26,3.28,120.391,7.55,5.251,7.28405
HD 18143 b,HD 18143,Radial Velocity,2022,K,5078.0,0.87,0.85,0.28,4.51,22.5243,7.518,5.427,7.33209
HD 18143 c,HD 18143,Radial Velocity,2022,K,5078.0,0.87,0.85,0.28,4.51,22.5243,7.518,5.427,7.33209
HD 181433 b,HD 181433,Radial Velocity,2008,K,4918.0,0.79,0.86,0.4012,4.45,26.8762,8.4,6.094,8.09228
HD 181433 c,HD 181433,Radial Velocity,2008,K,4918.0,0.79,0.86,0.4012,4.45,26.8762,8.4,6.094,8.09228
HD 181433 d,HD 181433,Radial Velocity,2008,K,4918.0,0.79,0.86,0.4012,4.45,26.8762,8.4,6.094,8.09228
HD 181720 b,HD 181720,Radial Velocity,2009,G,5736.0,1.5,1.03,-0.62,4.09,60.2046,7.84,6.294,7.67484
HD 183263 b,HD 183263,Radial Velocity,2004,G,5948.0,1.23,1.06,0.2776,4.37,54.1955,7.86,6.422,7.71818
HD 183263 c,HD 183263,Radial Velocity,2008,G,5948.0,1.23,1.06,0.2776,4.37,54.1955,7.86,6.422,7.71818
HD 183579 b,HD 183579,Transit,2021,G,5784.0,0.96,0.996,-0.038,4.45,57.2651,8.67,7.15,8.51549
HD 184010 b,HD 184010,Radial Velocity,2022,K,4971.0,4.86,1.35,-0.17,3.18,60.7993,5.88639,3.98,5.64508
HD 184010 c,HD 184010,Radial Velocity,2022,K,4971.0,4.86,1.35,-0.17,3.18,60.7993,5.88639,3.98,5.64508
HD 184010 d,HD 184010,Radial Velocity,2022,K,4971.0,4.86,1.35,-0.17,3.18,60.7993,5.88639,3.98,5.64508
HD 18438 b,HD 18438,Radial Velocity,2023,M,3860.0,88.475,1.84,-0.4,0.9,224.146,5.50474,1.325,4.73199
HD 185269 b,HD 185269,Radial Velocity,2006,G,5923.0,2.0,1.3,0.11,3.92,51.9917,6.67973,5.26,6.51831
HD 185283 b,HD 185283,Radial Velocity,2023,K,4848.0,0.743303,0.8,-0.06,4.59336,31.395,9.03,6.601,8.71311
HD 18599 b,HD 18599,Transit,2022,K,5145.0,0.767,0.863,0.0,4.54,38.5653,8.99,6.883,8.73117
HD 187085 b,HD 187085,Radial Velocity,2006,G,6117.0,1.27,1.189,0.12,4.279,45.8993,7.22,5.876,7.07508
HD 187123 b,HD 187123,Radial Velocity,1998,G,5790.0,1.15043,1.04,0.09,4.33338,45.9548,7.83,6.337,7.67284
HD 187123 c,HD 187123,Radial Velocity,2008,G,5790.0,1.15043,1.04,0.09,4.33338,45.9548,7.83,6.337,7.67284
HD 18742 b,HD 18742,Radial Velocity,2011,G,4940.0,5.13,1.36,-0.04,3.09,162.685,7.81,5.554,7.55464
HD 188015 b,HD 188015,Radial Velocity,2004,G,5746.0,1.125296,1.09,0.289,4.445,50.6706,8.24,6.632,8.06588
HD 189567 b,HD 189567,Radial Velocity,2021,G,5726.0,1.04,0.83,-0.24,4.41,17.9055,6.074,4.511,5.9098
HD 189567 c,HD 189567,Radial Velocity,2021,G,5726.0,1.04,0.83,-0.24,4.41,17.9055,6.074,4.511,5.9098
HD 189733 b,HD 189733,Radial Velocity,2005,K,5052.0,0.75,0.79,-0.02,4.49,19.7638,7.67,5.541,7.41432
HD 190007 b,HD 190007,Radial Velocity,2020,K,4610.0,0.79,0.77,0.16,4.58,12.7141,7.46,4.796,7.06341
HD 190228 b,HD 190228,Radial Velocity,2022,G,5360.0,2.58658,1.415,-0.24,4.02,62.7146,7.3,5.352,7.08482
HD 190360 b,HD 190360,Radial Velocity,2003,G,5560.0,1.14,0.996,0.26,4.1,16.0069,5.738,4.076,5.55436
HD 190360 c,HD 190360,Radial Velocity,2005,G,5560.0,1.14,0.996,0.26,4.1,16.0069,5.738,4.076,5.55436
HD 190360 d,HD 190360,Radial Velocity,2026,G,5560.0,1.14,0.996,0.26,4.1,16.0069,5.738,4.076,5.55436
HD 190647 b,HD 190647,Radial Velocity,2007,G,5656.0,1.376,1.069,0.23,4.162,54.4738,7.78,6.161,7.5942
HD 190984 b,HD 190984,Radial Velocity,2009,F,5988.0,1.53,0.91,-0.48,4.02,148.187,8.76,7.319,8.61126
HD 191806 b,HD 191806,Radial Velocity,2016,K,6010.0,1.40223,1.07,0.3,4.45,65.6668,8.09,6.639,7.93339
HD 191939 b,HD 191939,Transit,2020,G,5348.0,0.94,0.81,-0.15,4.3,53.6089,8.97,7.18,8.77476
HD 191939 c,HD 191939,Transit,2020,G,5348.0,0.94,0.81,-0.15,4.3,53.6089,8.97,7.18,8.77476
HD 191939 d,HD 191939,Transit,2020,G,5348.0,0.94,0.81,-0.15,4.3,53.6089,8.97,7.18,8.77476
HD 191939 e,HD 191939,Radial Velocity,2022,G,5348.0,0.94,0.81,-0.15,4.3,53.6089,8.97,7.18,8.77476
HD 191939 f,HD 191939,Radial Velocity,2022,G,5348.0,0.94,0.81,-0.15,4.3,53.6089,8.97,7.18,8.77476
HD 191939 g,HD 191939,Radial Velocity,2022,G,5348.0,0.94,0.81,-0.15,4.3,53.6089,8.97,7.18,8.77476
HD 192263 b,HD 192263,Radial Velocity,1999,K,4976.0,0.74,0.66,0.03,4.51,19.6359,7.79,5.537,7.49558
HD 192310 b,HD 192310,Radial Velocity,2011,K,5166.0,0.857922,0.8,-0.04,4.51,8.79687,5.73,3.501,5.47661
HD 192310 c,HD 192310,Radial Velocity,2011,K,5166.0,0.857922,0.8,-0.04,4.51,8.79687,5.73,3.501,5.47661
HD 192699 b,HD 192699,Radial Velocity,2007,G,5041.0,4.41,1.38,-0.15,3.25,71.8627,6.45591,4.366,6.21085
HD 195019 b,HD 195019,Radial Velocity,1998,G,5751.0,1.48,1.21,0.05,4.18,37.6681,6.87591,5.256,6.72911
HD 196050 b,HD 196050,Radial Velocity,2002,G,5879.0,1.42,1.27,0.229,4.25,50.6742,7.5,6.034,7.3407
HD 196067 b,HD 196067,Radial Velocity,2012,G,6072.0,1.71,1.16,0.213,4.09,39.9346,6.51,5.08,6.33009
HD 196067 c,HD 196067,Radial Velocity,2025,G,6072.0,1.71,1.16,0.213,4.09,39.9346,6.51,5.08,6.33009
HD 19615 b,HD 19615,Radial Velocity,2022,K,4263.0,32.3,1.1,-0.31,1.4,265.155,6.55594,3.062,6.02012
HD 196885 A b,HD 196885 A,Radial Velocity,2007,F,6254.0,1.31,1.28,0.22,4.31,34.1692,6.39677,5.072,6.26141
HD 197037 b,HD 197037,Radial Velocity,2012,F,6150.0,1.105,1.11,-0.2,4.4,33.1944,6.82294,5.488,6.67106
HD 199509 b,HD 199509,Radial Velocity,2022,G,5796.02,0.92,1.04,-0.3075,4.51,24.3056,6.98,5.425,6.817
HD 19994 b,HD 19994,Radial Velocity,2003,F,6188.0,1.79647,1.365,0.27,4.29,22.5242,5.06345,3.748,4.93038
HD 20003 b,HD 20003,Radial Velocity,2019,G,5494.0,0.921637,0.875,0.04,4.41,41.8316,8.39,6.647,8.19184
HD 20003 c,HD 20003,Radial Velocity,2019,G,5494.0,0.921637,0.875,0.04,4.41,41.8316,8.39,6.647,8.19184
HD 200964 b,HD 200964,Radial Velocity,2010,G,4982.0,4.92,1.39,-0.15,3.22,72.5922,6.48605,4.286,6.23723
HD 200964 c,HD 200964,Radial Velocity,2010,G,4982.0,4.92,1.39,-0.15,3.22,72.5922,6.48605,4.286,6.23723
HD 202206 c,HD 202206,Radial Velocity,2004,G,5766.0,1.04,1.07,0.3,4.5,45.9665,8.08,6.485,7.91051
HD 202696 b,HD 202696,Radial Velocity,2019,K,5040.0,6.43,1.91,0.02,3.11,188.546,8.23,5.877,7.95929
HD 202696 c,HD 202696,Radial Velocity,2019,K,5040.0,6.43,1.91,0.02,3.11,188.546,8.23,5.877,7.95929
HD 203030 b,HD 203030,Imaging,2006,G,5603.0,0.856458,0.94,0.3,4.64,39.2503,8.45,6.653,8.24663
HD 2039 b,HD 2039,Radial Velocity,2002,G,5945.0,1.19,1.23,0.3,4.38,85.6922,9.0,7.549,8.85974
HD 204313 b,HD 204313,Radial Velocity,2010,G,5767.0,1.1,1.03,0.18,4.37,47.7945,7.99,6.459,7.83246
HD 204313 c,HD 204313,Radial Velocity,2015,G,5767.0,1.1,1.03,0.18,4.37,47.7945,7.99,6.459,7.83246
HD 204313 e,HD 204313,Radial Velocity,2022,G,5767.0,1.1,1.03,0.18,4.37,47.7945,7.99,6.459,7.83246
HD 204941 b,HD 204941,Radial Velocity,2011,K,5026.0,0.78,0.58,-0.19,4.42,28.7165,8.45,6.357,8.19092
HD 205739 b,HD 205739,Radial Velocity,2008,F,6176.0,1.33,1.22,0.19,4.29,92.5087,8.56,7.299,8.41991
HD 206610 b,HD 206610,Radial Velocity,2009,K,4842.0,6.12,1.55,0.14,3.22,147.192,8.34,5.952,8.06506
HD 207496 b,HD 207496,Transit,2023,K,4819.0,0.769,0.8,0.095,4.507,23.606,8.23,5.967,7.97255
HD 20781 b,HD 20781,Radial Velocity,2019,K,5256.0,0.833609,0.7,-0.11,4.37,35.9715,8.48,6.553,8.2372
HD 20781 c,HD 20781,Radial Velocity,2019,K,5256.0,0.833609,0.7,-0.11,4.37,35.9715,8.48,6.553,8.2372
HD 20781 d,HD 20781,Radial Velocity,2019,K,5256.0,0.833609,0.7,-0.11,4.37,35.9715,8.48,6.553,8.2372
HD 20781 e,HD 20781,Radial Velocity,2019,K,5256.0,0.833609,0.7,-0.11,4.37,35.9715,8.48,6.553,8.2372
HD 20782 b,HD 20782,Radial Velocity,2006,G,5782.13,1.12681,1.04,-0.0537,4.3514,35.9864,7.36,5.827,7.19283
HD 207832 b,HD 207832,Radial Velocity,2012,G,5726.0,0.89,1.05,0.14,4.48,58.9291,8.78,7.207,8.61176
HD 207832 c,HD 207832,Radial Velocity,2012,G,5710.0,0.901,0.94,0.06,4.502,58.9291,8.78,7.207,8.61176
HD 207897 b,HD 207897,Transit,2021,K,5106.0,0.7827,0.8208,-0.03,4.562,28.2938,8.37,6.312,8.13037
HD 20794 b,HD 20794,Radial Velocity,2011,G,5368.0,0.93,0.79,-0.42,4.39,6.00278,4.26,2.636,4.06635
HD 20794 d,HD 20794,Radial Velocity,2011,G,5368.0,0.93,0.79,-0.42,4.39,6.00278,4.26,2.636,4.06635
HD 20794 e,HD 20794,Radial Velocity,2017,G,5401.0,0.93,0.813,-0.4,4.39,6.00278,4.26,2.636,4.06635
HD 20794 f,HD 20794,Radial Velocity,2025,G,5368.0,0.93,0.79,-0.42,4.39,6.00278,4.26,2.636,4.06635
HD 208487 b,HD 208487,Radial Velocity,2004,G,6134.0,1.16,1.15,0.09,4.34,45.147,7.47,6.159,7.33164
HD 208527 b,HD 208527,Radial Velocity,2012,M,4035.0,51.1,1.6,-0.09,1.4,312.202,6.38984,2.224,5.61607
HD 20868 b,HD 20868,Radial Velocity,2008,K,4802.0,0.76,0.39,0.05,4.26,47.7223,9.92,7.543,9.61323
HD 208897 b,HD 208897,Radial Velocity,2017,K,4860.0,4.98,1.25,0.21,3.13,67.4872,6.50821,4.198,6.23739
HD 209458 b,HD 209458,Radial Velocity,1999,G,6091.0,1.19,1.23,0.01,4.45,48.3016,7.65,6.308,7.50866
HD 210193 b,HD 210193,Radial Velocity,2019,G,5790.0,1.05971,1.04,0.13,4.43481,42.2029,7.83,6.31,7.6687
HD 210277 b,HD 210277,Radial Velocity,1998,G,5538.0,1.07,1.01,0.22,4.38,21.2985,6.54348,4.799,6.34701
HD 210702 b,HD 210702,Radial Velocity,2007,K,4912.0,4.54,1.33,-0.02,3.23,54.1963,5.93022,3.984,5.6807
HD 211403 b,HD 211403,Radial Velocity,2021,F,6273.0,1.206,1.2,0.18,4.3,83.0919,8.48,7.244,8.34865
HD 211810 b,HD 211810,Radial Velocity,2018,G,5652.0,1.13,1.03,0.17,4.26335,64.6353,8.59,6.969,8.417831
HD 212301 b,HD 212301,Radial Velocity,2005,F,6239.0,1.16,1.55,0.18,4.5,54.2304,7.76,6.466,7.63495
HD 212771 b,HD 212771,Radial Velocity,2009,G,5003.0,5.27,1.56,-0.21,3.31,111.155,7.6,5.496,7.35208
HD 213240 b,HD 213240,Radial Velocity,2001,G,5979.0,1.51,1.57,0.15,4.27,40.8707,6.81,5.354,6.65761
HD 213885 b,HD 213885,Transit,2019,G,5978.0,1.1011,1.068,-0.04,4.3827,48.0883,7.95,6.419,7.80173
HD 213885 c,HD 213885,Radial Velocity,2019,G,5978.0,1.1011,1.068,-0.04,4.3827,48.0883,7.95,6.419,7.80173
HD 21411 b,HD 21411,Radial Velocity,2019,G,5605.0,0.825605,0.89,-0.265,4.51,29.1328,7.88,6.131,7.68183
HD 214823 b,HD 214823,Radial Velocity,2016,G,6215.0,2.04,1.115,0.17,4.05,101.368,8.06,6.64,7.91589
HD 215152 b,HD 215152,Radial Velocity,2018,K,4935.0,0.73,0.77,-0.1,4.4,21.5974,8.11,5.775,7.80163
HD 215152 c,HD 215152,Radial Velocity,2018,K,4935.0,0.73,0.77,-0.1,4.4,21.5974,8.11,5.775,7.80163
HD 215152 d,HD 215152,Radial Velocity,2018,K,4935.0,0.73,0.77,-0.1,4.4,21.5974,8.11,5.775,7.80163
HD 215152 e,HD 215152,Radial Velocity,2018,K,4935.0,0.73,0.77,-0.1,4.4,21.5974,8.11,5.775,7.80163
HD 215497 b,HD 215497,Radial Velocity,2009,K,5110.0,0.85,0.67,0.2,4.4,40.5468,8.96,6.784,8.68605
HD 215497 c,HD 215497,Radial Velocity,2009,K,5113.0,0.85,0.92,0.23,4.31,40.5468,8.96,6.784,8.68605
HD 216435 b,HD 216435,Radial Velocity,2002,G,5999.0,1.800029,1.3,0.244,4.154,32.9834,6.03,4.612,5.88357
HD 216437 b,HD 216437,Radial Velocity,2002,G,5909.0,1.394,1.22,0.2,4.188,26.6902,6.04,4.518,5.89397
HD 216520 b,HD 216520,Radial Velocity,2020,K,5103.0,0.76,0.82,-0.16,4.54,19.552,7.53,5.449,7.27896
HD 216520 c,HD 216520,Radial Velocity,2020,K,5103.0,0.76,0.82,-0.16,4.54,19.552,7.53,5.449,7.27896
HD 216536 b,HD 216536,Radial Velocity,2015,K,4639.0,9.83,0.81,-0.17,2.36,376.233,9.229,6.496,8.88324
HD 216770 b,HD 216770,Radial Velocity,2003,G,5399.0,0.93,0.74,0.27,4.37,36.6625,8.11,6.311,7.91638
HD 21693 b,HD 21693,Radial Velocity,2019,G,5430.0,0.914378,0.8,0.0,4.37,33.255,7.95,6.193,7.75701
HD 21693 c,HD 21693,Radial Velocity,2019,G,5430.0,0.914378,0.8,0.0,4.37,33.255,7.95,6.193,7.75701
HD 217107 b,HD 217107,Radial Velocity,1998,G,5622.0,1.2245,1.045,0.37,4.34,20.0619,6.155,4.536,5.96401
HD 217107 c,HD 217107,Radial Velocity,2005,G,5622.0,1.2245,1.045,0.37,4.34,20.0619,6.155,4.536,5.96401
HD 21749 c,GJ 143,Transit,2019,K,4640.0,0.695,0.73,0.003,4.613,16.32,8.08,5.375,7.67906
HD 217786 b,HD 217786,Radial Velocity,2011,F,5966.0,1.27,1.14,-0.135,4.35,55.4847,7.78,6.352,7.63573
HD 217786 c,HD 217786,Radial Velocity,2022,F,5966.0,1.27,1.14,-0.135,4.35,55.4847,7.78,6.352,7.63573
HD 218566 b,HD 218566,Radial Velocity,2010,K,4730.0,0.85,0.76,0.28,4.46,28.8274,8.6,6.223,8.27432
HD 219077 b,HD 219077,Radial Velocity,2012,G,5362.0,1.91,0.92,-0.13,4.0,29.1864,6.12,4.287,5.91597
HD 219134 b,HD 219134,Radial Velocity,2015,K,4699.0,0.778,0.81,0.11,4.567,6.53127,5.56911,3.261,5.2402
HD 219134 c,HD 219134,Radial Velocity,2015,K,4699.0,0.778,0.81,0.11,4.567,6.53127,5.56911,3.261,5.2402
HD 219134 d,HD 219134,Radial Velocity,2015,K,4699.0,0.778,0.81,0.11,4.567,6.53127,5.56911,3.261,5.2402
HD 219134 f,HD 219134,Radial Velocity,2015,K,4699.0,0.778,0.81,0.11,4.567,6.53127,5.56911,3.261,5.2402
HD 219134 g,HD 219134,Radial Velocity,2015,K,4913.0,0.77,0.794,0.08,4.51,6.53127,5.56911,3.261,5.2402
HD 219134 h,HD 219134,Radial Velocity,2015,K,4913.0,0.77,0.794,0.08,4.51,6.53127,5.56911,3.261,5.2402
HD 219139 b,HD 219139,Radial Velocity,2021,G,4831.0,11.22,1.46,-0.2,2.48,104.935,5.84863,3.392,5.57762
HD 219415 b,HD 219415,Radial Velocity,2012,K,4820.0,2.9,1.0,-0.04,3.51,165.184,8.909,6.421,8.59745
HD 219666 b,HD 219666,Transit,2018,G,5540.0,1.059,1.02,0.04,4.4,94.1719,9.809,8.158,9.64956
HD 219828 b,HD 219828,Radial Velocity,2007,G,5891.0,1.56,1.04,0.19,4.17,73.114,8.04,6.53,7.88338
HD 219828 c,HD 219828,Radial Velocity,2016,G,5891.0,1.56,1.04,0.19,4.17,73.114,8.04,6.53,7.88338
HD 220074 b,HD 220074,Radial Velocity,2012,M,3787.0,54.92,2.2,-0.25,1.3,324.54,6.40607,2.006,5.62737
HD 220197 b,HD 220197,Radial Velocity,2018,G,5683.0,0.98,0.91,-0.55,4.42,64.411,8.92,7.349,8.74481
HD 220689 b,HD 220689,Radial Velocity,2012,G,5921.0,1.068,1.016,-0.07,4.36,46.8778,7.74,6.326,7.59438
HD 220773 b,HD 220773,Radial Velocity,2011,F,5940.0,1.679696,1.16,0.09,4.24,50.5103,7.10831,5.651,6.94595
HD 220842 b,HD 220842,Radial Velocity,2016,F,5960.0,1.41647,1.13,-0.17,4.24,64.6498,7.98,6.555,7.83398
HD 221287 b,HD 221287,Radial Velocity,2007,F,6304.0,1.13864,1.25,-0.03,4.43,55.9231,7.82,6.569,7.68153
HD 221416 b,HD 221416,Transit,2019,K,5080.0,2.943,1.212,-0.08,3.584,95.5483,8.15,6.043,7.90776
HD 221420 b,HD 221420,Radial Velocity,2019,G,5847.0,1.947,1.351,0.33,4.03,31.1415,5.82,4.306,5.65862
HD 221585 b,HD 221585,Radial Velocity,2016,G,5620.0,1.850575,1.19,0.29,4.05,55.8535,7.457,5.781,7.28128
HD 222076 b,HD 222076,Radial Velocity,2016,K,4806.0,4.1,1.07,0.05,3.31,91.1538,7.47,5.127,7.18755
HD 222155 b,HD 222155,Radial Velocity,2011,G,5701.0,1.85,1.21,-0.18,3.99,50.6078,7.11716,5.51,6.93563
HD 222237 b,HD 222237,Radial Velocity,2024,K,4751.0,0.71,0.76,-0.32,4.61,11.4469,7.09,4.581,6.73988
HD 222582 b,HD 222582,Radial Velocity,1999,G,5790.0,1.13,1.12,0.01,4.38,42.1586,7.68,6.173,7.51889
HD 224018 b,HD 224018,Radial Velocity,2025,G,5784.0,1.147,1.013,0.05,4.32,105.48,9.715,8.145001,9.52137
HD 224018 c,HD 224018,Transit,2025,G,5784.0,1.147,1.013,0.05,4.32,105.48,9.715,8.145001,9.52137
HD 224018 d,HD 224018,Transit,2025,G,5784.0,1.147,1.013,0.05,4.32,105.48,9.715,8.145001,9.52137
HD 224538 b,HD 224538,Radial Velocity,2016,F,6097.0,1.54,1.23,0.27,4.19,79.0608,8.06,6.76,7.92192
HD 224693 b,HD 224693,Radial Velocity,2006,G,5894.0,1.93,1.31,0.27,4.38,93.5015,8.23,6.808,8.08528
HD 22496 b,HD 22496,Radial Velocity,2021,K,4385.0,0.674,0.684,-0.08,4.69,13.5956,8.57,5.338,8.01945
HD 22532 b,HD 22532,Radial Velocity,2022,G,5038.0,5.69,1.57,-0.19,3.09,161.183,7.85,5.671,7.6043
HD 22781 b,HD 22781,Radial Velocity,2011,K,5027.0,0.743475,0.75,-0.37,4.6,32.6034,8.78,6.607,8.52445
HD 22946 d,HD 22946,Transit,2023,F,6169.0,1.117,1.098,-0.08,4.47,62.7792,8.270001,6.981,8.1281
HD 23079 b,HD 23079,Radial Velocity,2001,F,5994.0,1.08,1.16,-0.129,4.37,33.4591,7.12,5.705,6.96235
HD 23079 c,HD 23079,Radial Velocity,2025,F,5994.0,1.08,1.16,-0.129,4.37,33.4591,7.12,5.705,6.96235
HD 23127 b,HD 23127,Radial Velocity,2006,G,5843.0,1.49,1.208,0.29,4.146,93.8555,8.58,7.087,8.42019
HD 231701 b,HD 231701,Radial Velocity,2007,F,6101.0,1.53,1.21,0.05,4.31,108.877,8.97,7.657,8.83051
HD 233604 b,HD 233604,Radial Velocity,2013,K,4791.0,10.9,1.5,-0.36,2.55,847.058,10.291,7.979,10.1054
HD 233832 b,HD 233832,Radial Velocity,2018,G,4981.0,0.68,0.71,-0.66,4.49,58.742,10.15,8.013,9.94557
HD 23472 b,HD 23472,Transit,2019,K,4684.0,0.71,0.67,-0.2,4.53,39.0341,9.73,7.207,9.38476
HD 23472 c,HD 23472,Transit,2019,K,4684.0,0.71,0.67,-0.2,4.53,39.0341,9.73,7.207,9.38476
HD 23472 d,HD 23472,Transit,2022,K,4684.0,0.71,0.67,-0.2,4.53,39.0341,9.73,7.207,9.38476
HD 23472 e,HD 23472,Transit,2022,K,4684.0,0.71,0.67,-0.2,4.53,39.0341,9.73,7.207,9.38476
HD 23472 f,HD 23472,Transit,2022,K,4684.0,0.71,0.67,-0.2,4.53,39.0341,9.73,7.207,9.38476
HD 235088 b,HD 235088,Transit,2023,K,5075.0,0.772,0.849,-0.02,4.55,41.1706,9.19,7.084,8.94271
HD 23596 b,HD 23596,Radial Velocity,2003,F,6040.0,1.53,1.1,0.33,4.23,52.0018,7.26122,5.874,7.10356
HD 238090 b,HD 238090,Radial Velocity,2020,M,3933.0,0.57,0.578,-0.03,4.7,15.2354,9.71,6.059,9.037911
HD 238914 b,HD 238914,Radial Velocity,2018,K,4769.0,12.73,1.47,-0.25,2.37,519.452,8.770001,6.325,8.497
HD 240210 b,HD 240210,Radial Velocity,2009,K,4297.0,25.456816,0.82,-0.18,2.31,372.405,8.270001,4.388,7.64476
HD 240237 b,HD 240237,Radial Velocity,2011,K,3926.0,71.23,8.76,-0.25,1.67,933.377,8.19,4.319,7.49317
HD 24040 b,HD 24040,Radial Velocity,2006,G,5802.0,1.3,1.11,0.19,4.26,46.6224,7.515,5.969,7.33476
HD 24040 c,HD 24040,Radial Velocity,2021,G,5776.49,1.387296,1.10394,0.1971,4.197486,46.6224,7.515,5.969,7.33476
HD 24064 b,HD 24064,Radial Velocity,2015,K,4052.0,40.0,1.61,-0.49,1.44,300.247,6.74616,3.13,6.17839
HD 24085 b,HD 24085,Radial Velocity,2019,G,6034.0,1.412551,1.22,0.17,4.1967,54.9004,7.57,6.172,7.42496
HD 25015 b,HD 25015,Radial Velocity,2019,K,5160.0,0.83,0.86,0.04,4.4,37.433,8.87,6.806,8.59876
HD 25171 b,HD 25171,Radial Velocity,2010,F,6125.0,1.23,1.076,-0.12,4.263,55.6146,7.77,6.489,7.638
HD 25723 b,HD 25723,Radial Velocity,2020,K,4766.0,13.76,2.12,-0.03,2.5,114.816,5.60075,3.044,5.31947
HD 260655 b,HD 260655,Transit,2022,M,3803.0,0.439,0.439,-0.43,5.2,10.0055,9.63,5.862,8.876041
HD 260655 c,HD 260655,Transit,2022,M,3803.0,0.439,0.439,-0.43,5.2,10.0055,9.63,5.862,8.876041
HD 2638 b,HD 2638,Radial Velocity,2005,K,5186.0,0.94,0.77,0.13,4.38,54.9621,9.44,7.308,9.192761
HD 27442 b,HD 27442,Radial Velocity,2000,K,4846.0,3.18,1.23,0.42,3.783,18.2704,4.44,1.745,4.14532
HD 27631 b,HD 27631,Radial Velocity,2012,G,5737.0,0.923,0.944,-0.12,4.455,50.2862,8.26,6.646,8.08478
HD 27894 b,HD 27894,Radial Velocity,2005,K,4875.0,0.891767,0.81,0.3,4.22,43.8214,9.36,7.071,9.06573
HD 27894 c,HD 27894,Radial Velocity,2017,K,4875.0,0.891767,0.8,0.3,4.22,43.8214,9.36,7.071,9.06573
HD 27894 d,HD 27894,Radial Velocity,2017,K,4875.0,0.891767,0.81,0.3,4.22,43.8214,9.36,7.071,9.06573
HD 27969 b,HD 27969,Radial Velocity,2021,G,5966.0,1.27,1.16,0.18,4.12,67.9328,7.66,6.202,7.5139
HD 28109 b,HD 28109,Transit,2022,F,6189.0,1.425,1.227,0.1,4.25,139.611,9.42,8.175,9.29976
HD 28109 c,HD 28109,Transit,2022,F,6189.0,1.425,1.227,0.1,4.25,139.611,9.42,8.175,9.29976
HD 28109 d,HD 28109,Transit,2022,F,6189.0,1.425,1.227,0.1,4.25,139.611,9.42,8.175,9.29976
HD 28185 b,HD 28185,Radial Velocity,2001,G,5602.0,1.048,0.974,0.19,4.386,39.3809,7.8,6.185,7.62682
HD 28185 c,HD 28185,Radial Velocity,2022,G,5602.0,1.048,0.974,0.19,4.386,39.3809,7.8,6.185,7.62682
HD 28254 b,HD 28254,Radial Velocity,2010,G,5664.0,1.48,1.1,0.06,4.12,55.2884,7.69,6.006,7.49977
HD 28471 b,HD 28471,Radial Velocity,2025,G,5766.0,1.08,0.98,-0.04,4.38,43.6455,7.89,6.315,7.72751
HD 28471 c,HD 28471,Radial Velocity,2025,G,5766.0,1.08,0.98,-0.04,4.38,43.6455,7.89,6.315,7.72751
HD 28471 d,HD 28471,Radial Velocity,2025,G,5766.0,1.08,0.98,-0.04,4.38,43.6455,7.89,6.315,7.72751
HD 285507 b,HD 285507,Radial Velocity,2013,K,4503.0,0.69,0.82,0.13,4.67,45.0293,10.49,7.665,10.0404
HD 285968 b,HD 285968,Radial Velocity,2008,M,3703.49,0.478214,0.5,-0.1,4.74889,9.47045,9.95,5.607,8.99955
HD 28678 b,HD 28678,Radial Velocity,2011,G,4972.0,6.48,1.53,-0.11,3.06,189.908,8.38,5.775,8.05469
HD 29021 b,HD 29021,Radial Velocity,2017,G,5560.0,0.85,0.86,-0.3,4.44,30.9939,7.76,6.082,7.58565
HD 290327 b,HD 290327,Radial Velocity,2009,G,5505.0,0.95,0.84,-0.14,4.41,56.433,8.99,7.271,8.80364
HD 29399 b,HD 29399,Radial Velocity,2022,K,4845.0,4.5,1.17,0.14,3.25,44.1518,5.79,3.777,5.50503
HD 2952 b,HD 2952,Radial Velocity,2013,K,4853.0,10.9,1.91,0.0,2.65,110.103,5.9258,3.629,5.64532
HD 30177 b,HD 30177,Radial Velocity,2002,G,5680.0,1.019,0.98,0.43,4.417,55.5867,8.41,6.715,8.21511
HD 30177 c,HD 30177,Radial Velocity,2016,G,5680.0,1.019,0.98,0.43,4.417,55.5867,8.41,6.715,8.21511
HD 30562 b,HD 30562,Radial Velocity,2009,G,5882.0,1.61,1.12,0.2,4.07,26.1597,5.77466,4.31,5.61828
HD 30669 b,HD 30669,Radial Velocity,2014,G,5400.0,0.91,0.92,0.13,4.37,58.0844,9.12,7.329,8.90667
HD 30856 b,HD 30856,Radial Velocity,2011,K,4895.0,4.4,1.17,-0.06,3.2,131.199,7.91,5.657,7.65813
HD 31253 b,HD 31253,Radial Velocity,2010,F,6130.0,1.75,1.7,0.17,4.18,58.1438,7.13266,5.792,6.98479
HD 31527 b,HD 31527,Radial Velocity,2019,G,5898.0,1.073694,0.96,-0.17,4.45,38.4473,7.49,6.049,7.33222
HD 31527 c,HD 31527,Radial Velocity,2019,G,5898.0,1.073694,0.96,-0.17,4.45,38.4473,7.49,6.049,7.33222
HD 31527 d,HD 31527,Radial Velocity,2019,G,5898.0,1.073694,0.96,-0.17,4.45,38.4473,7.49,6.049,7.33222
HD 3167 b,HD 3167,Transit,2016,K,5261.0,0.88,0.837,0.04,4.53,47.2899,8.97,7.066,8.76221
HD 3167 c,HD 3167,Transit,2016,K,5261.0,0.88,0.837,0.04,4.53,47.2899,8.97,7.066,8.76221
HD 3167 d,HD 3167,Radial Velocity,2017,K,5261.0,0.88,0.837,0.04,4.53,47.2899,8.97,7.066,8.76221
HD 3167 e,HD 3167,Radial Velocity,2022,K,5261.0,0.88,0.837,0.04,4.53,47.2899,8.97,7.066,8.76221
HD 32518 b,HD 32518,Radial Velocity,2009,K,4580.0,10.22,1.13,-0.15,2.1,122.115,6.43005,3.911,6.11933
HD 32963 b,HD 32963,Radial Velocity,2015,G,5727.0,1.111044,0.94,0.11,4.41,38.0786,7.6,6.024,7.42756
HD 330075 b,HD 330075,Radial Velocity,2004,K,5000.0,0.84,0.47,0.05,4.26,45.2989,9.36,7.171,9.09159
HD 331093 b,HD 331093,Radial Velocity,2021,K,5544.0,1.1112,1.03,0.17,4.2,50.1928,8.38,6.649,8.19105
HD 33142 b,HD 33142,Radial Velocity,2011,K,5025.4,4.17,1.52,0.06,3.375,121.375,7.96,5.792,7.71274
HD 33142 c,HD 33142,Radial Velocity,2016,K,5025.4,4.17,1.52,0.06,3.375,121.375,7.96,5.792,7.71274
HD 33142 d,HD 33142,Radial Velocity,2022,K,5025.4,4.17,1.52,0.06,3.375,121.375,7.96,5.792,7.71274
HD 332231 b,HD 332231,Transit,2020,F,6128.0,1.266,1.1642,0.043,4.296,80.6665,8.558,7.242,8.41839
HD 33283 b,HD 33283,Radial Velocity,2006,G,5935.0,1.97,1.38,0.35,4.12,89.8623,8.05,6.646,7.89933
HD 33564 b,HD 33564,Radial Velocity,2005,F,6250.0,1.4367,1.25,-0.12,4.0,20.9531,5.10111,3.911,4.97155
HD 33844 b,HD 33844,Radial Velocity,2015,K,4861.0,5.39,1.84,0.27,3.24,105.779,7.29,4.945,7.01153
HD 33844 c,HD 33844,Radial Velocity,2015,K,4861.0,5.29,1.78,0.27,3.24,105.779,7.29,4.945,7.01153
HD 34445 b,HD 34445,Radial Velocity,2009,G,5879.0,1.38,1.14,0.18,4.21,46.0907,7.31,5.79,7.14947
HD 34445 c,HD 34445,Radial Velocity,2017,G,5836.0,1.38,1.07,0.14,4.21,46.0907,7.31,5.79,7.14947
HD 34445 d,HD 34445,Radial Velocity,2017,G,5836.0,1.38,1.07,0.14,4.21,46.0907,7.31,5.79,7.14947
HD 34445 e,HD 34445,Radial Velocity,2017,G,5836.0,1.38,1.07,0.14,4.21,46.0907,7.31,5.79,7.14947
HD 34445 f,HD 34445,Radial Velocity,2017,G,5836.0,1.38,1.07,0.14,4.21,46.0907,7.31,5.79,7.14947
HD 34445 g,HD 34445,Radial Velocity,2017,G,5836.0,1.38,1.07,0.14,4.21,46.0907,7.31,5.79,7.14947
HD 35759 b,HD 35759,Radial Velocity,2016,G,6060.0,1.759974,1.15,0.04,4.24,71.2423,7.74,6.319,7.59606
HD 360 b,HD 360,Radial Velocity,2021,G,4770.0,10.86,1.69,-0.06,2.59,111.542,5.986,3.748,5.70895
HD 36384 b,HD 36384,Radial Velocity,2023,M,3940.0,38.4,1.14,-0.16,1.1,209.309,6.18839,2.288,5.48147
HD 3651 b,HD 3651,Radial Velocity,2003,K,5221.0,0.871954,0.799,0.1453,4.45,11.1336,5.88437,3.999,5.65255
HD 37124 b,HD 37124,Radial Velocity,2002,G,5698.64,0.949168,0.85,-0.44,4.391203,31.6634,7.68,5.952,7.47238
HD 37124 c,HD 37124,Radial Velocity,2002,G,5698.64,0.949168,0.85,-0.44,4.391203,31.6634,7.68,5.952,7.47238
HD 37124 d,HD 37124,Radial Velocity,2005,G,5698.64,0.949168,0.85,-0.44,4.391203,31.6634,7.68,5.952,7.47238
HD 37605 b,HD 37605,Radial Velocity,2004,K,5329.0,0.91,0.94,0.27,4.511,46.7864,8.67,6.815,8.46192
HD 37605 c,HD 37605,Radial Velocity,2012,K,5329.0,0.91,0.94,0.27,4.511,46.7864,8.67,6.815,8.46192
HD 3765 b,HD 3765,Radial Velocity,2021,K,5049.8,0.83061,0.851785,0.1716,4.527285,17.926,7.36,5.164,7.07827
HD 38283 b,HD 38283,Radial Velocity,2010,F,5981.0,1.49,1.37,-0.18,4.23,38.0615,6.69,5.267,6.54392
HD 38529 b,HD 38529,Radial Velocity,2000,G,5697.0,2.857838,0.98,0.51,3.709333,42.3538,5.92848,4.211,5.74796
HD 38529 c,HD 38529,Radial Velocity,2000,G,5697.0,2.857838,0.98,0.51,3.709333,42.3538,5.92848,4.211,5.74796
HD 38801 b,HD 38801,Radial Velocity,2009,K,5338.0,2.029,1.207,0.25,3.877,91.4349,8.26,6.279,8.03397
HD 39091 b,HD 39091,Radial Velocity,2001,G,5998.0,1.17,1.07,0.09,4.43,18.2702,5.65,4.241,5.5128
HD 39194 b,HD 39194,Radial Velocity,2021,K,5205.0,0.783742,0.86,-0.61,4.53,26.4131,8.09,6.094,7.85201
HD 39194 c,HD 39194,Radial Velocity,2021,K,5205.0,0.783742,0.86,-0.61,4.53,26.4131,8.09,6.094,7.85201
HD 39194 d,HD 39194,Radial Velocity,2021,K,5205.0,0.783742,0.86,-0.61,4.53,26.4131,8.09,6.094,7.85201
HD 40307 b,HD 40307,Radial Velocity,2009,K,4956.0,0.716684,0.77,-0.31,4.47,12.9363,7.17,4.793,6.84367
HD 40307 c,HD 40307,Radial Velocity,2009,K,4956.0,0.716684,0.77,-0.31,4.47,12.9363,7.17,4.793,6.84367
HD 40307 d,HD 40307,Radial Velocity,2009,K,4956.0,0.716684,0.77,-0.31,4.47,12.9363,7.17,4.793,6.84367
HD 40307 f,HD 40307,Radial Velocity,2013,K,4956.0,0.716684,0.77,-0.31,4.47,12.9363,7.17,4.793,6.84367
HD 40307 g,HD 40307,Radial Velocity,2013,K,4956.0,0.716684,0.77,-0.31,4.47,12.9363,7.17,4.793,6.84367
HD 40956 b,HD 40956,Radial Velocity,2017,K,4869.0,8.56,2.0,0.14,3.02,116.593,6.42794,4.143,6.14049
HD 40979 b,HD 40979,Radial Velocity,2002,F,6165.0,1.21,1.45,0.2,4.43,34.0883,6.75512,5.452,6.59963
HD 4113 b,HD 4113,Radial Velocity,2007,G,5688.0,1.077514,1.008,0.2,4.4,41.8727,7.88,6.289,7.71051
HD 42012 b,HD 42012,Radial Velocity,2017,K,5405.0,0.82,0.83,-0.09,4.45,36.7984,8.44,6.584,8.22949
HD 4203 b,HD 4203,Radial Velocity,2001,G,5596.0,1.42,1.25,0.4,4.23,81.3795,8.7,7.047,8.51545
HD 4203 c,HD 4203,Radial Velocity,2014,G,5582.0,1.49795,0.99,0.34,4.08271,81.3795,8.7,7.047,8.51545
HD 4208 b,HD 4208,Radial Velocity,2001,G,5717.0,0.846,0.883,-0.28,4.501,34.1937,7.783,6.163,7.61066
HD 42618 b,HD 42618,Radial Velocity,2016,G,5727.0,0.999,1.015,-0.09,4.44,24.3358,6.87,5.301,6.68303
HD 4308 b,HD 4308,Radial Velocity,2005,G,5686.0,1.02,0.93,-0.35,4.39,22.0158,6.55,4.945,6.37578
HD 4313 b,HD 4313,Radial Velocity,2009,G,4943.0,5.14,1.63,0.14,3.24,136.308,7.83,5.595,7.57399
HD 43197 b,HD 43197,Radial Velocity,2010,G,5508.0,1.0,0.96,0.4,4.31,62.4112,8.98,7.203,8.77158
HD 43197 c,HD 43197,Radial Velocity,2022,G,5508.0,1.0,0.96,0.4,4.31,62.4112,8.98,7.203,8.77158
HD 43691 b,HD 43691,Radial Velocity,2007,G,6093.0,1.6,1.32,0.33,4.28,85.6009,8.03,6.7,7.8972
HD 44219 b,HD 44219,Radial Velocity,2010,G,5752.0,1.32,1.2,0.03,4.21,52.9051,7.69,6.115,7.52973
HD 45184 b,HD 45184,Radial Velocity,2019,G,5869.0,1.075139,1.03,0.04,4.47,21.9532,6.383,4.871,6.21037
HD 45184 c,HD 45184,Radial Velocity,2019,G,5869.0,1.075139,1.03,0.04,4.47,21.9532,6.383,4.871,6.21037
HD 45350 b,HD 45350,Radial Velocity,2004,G,5566.0,1.26442,0.98,0.23,4.22551,46.8733,7.89,6.224,7.7
HD 45364 b,HD 45364,Radial Velocity,2008,K,5466.0,0.89,0.82,-0.17,4.38,34.354,8.08,6.316,7.88016
HD 45364 c,HD 45364,Radial Velocity,2008,K,5466.0,0.89,0.82,-0.17,4.38,34.354,8.08,6.316,7.88016
HD 45652 b,HD 45652,Radial Velocity,2008,G,5294.0,0.94,0.92,0.26,4.2,34.8541,8.1,6.263,7.9118
HD 46375 b,HD 46375,Radial Velocity,2000,K,5285.0,0.914196,0.92,0.24,4.533,29.5529,7.91,6.0,7.69533
HD 47186 b,HD 47186,Radial Velocity,2008,G,5657.0,1.08,0.96,0.24,4.36,37.4574,7.63,6.005,7.44897
HD 47186 c,HD 47186,Radial Velocity,2008,G,5657.0,1.08,0.96,0.24,4.36,37.4574,7.63,6.005,7.44897
HD 4732 b,HD 4732,Radial Velocity,2012,K,4898.0,5.03,1.39,-0.01,3.17,54.7841,5.9,3.691,5.6509
HD 4732 c,HD 4732,Radial Velocity,2012,K,4898.0,5.03,1.39,-0.01,3.17,54.7841,5.9,3.691,5.6509
HD 47366 b,HD 47366,Radial Velocity,2016,K,4866.0,7.3,1.81,-0.02,2.97,84.3552,6.11151,4.055,5.83869
HD 47366 c,HD 47366,Radial Velocity,2016,K,4866.0,7.3,1.81,-0.02,2.97,84.3552,6.11151,4.055,5.83869
HD 47536 b,HD 47536,Radial Velocity,2002,K,4380.0,23.47,2.1,-0.65,2.13,122.536,5.25,2.383,4.88004
HD 4760 b,HD 4760,Radial Velocity,2021,K,4076.0,42.4,1.05,-0.91,1.62,537.873,7.51,3.993,6.98504
HD 48265 b,HD 48265,Radial Velocity,2008,G,5733.0,1.901,1.312,0.3,3.97,90.5446,8.05,6.449,7.87925
HD 48265 c,HD 48265,Radial Velocity,2026,G,5805.0,2.05,1.38,0.39,4.06,90.5446,8.05,6.449,7.87925
HD 48948 b,HD 48948,Radial Velocity,2024,K,4593.0,0.679,0.686,-0.21,4.61,16.9043,8.58,5.612,8.11311
HD 48948 c,HD 48948,Radial Velocity,2024,K,4593.0,0.679,0.686,-0.21,4.61,16.9043,8.58,5.612,8.11311
HD 48948 d,HD 48948,Radial Velocity,2024,K,4593.0,0.679,0.686,-0.21,4.61,16.9043,8.58,5.612,8.11311
HD 4917 b,HD 4917,Radial Velocity,2018,K,4802.0,5.01,1.32,0.18,2.97,204.277,8.03,5.61,7.74877
HD 49674 b,HD 49674,Radial Velocity,2002,G,5602.0,1.02,1.03,0.32,4.44,43.0399,8.1,6.432,7.91841
HD 50499 b,HD 50499,Radial Velocity,2005,G,6102.0,1.351,1.253,0.26,4.247,46.2845,7.21,5.836,7.0564
HD 50499 c,HD 50499,Radial Velocity,2019,G,6099.0,1.42,1.31,0.38,4.42,46.2845,7.21,5.836,7.0564
HD 50554 b,HD 50554,Radial Velocity,2002,F,5987.0,1.02,1.04,-0.04,4.333282,31.1664,6.8561,5.467,6.69786
HD 51608 b,HD 51608,Radial Velocity,2019,G,5358.0,0.916136,0.8,-0.07,4.36,35.0553,8.17,6.328,7.96058
HD 51608 c,HD 51608,Radial Velocity,2019,G,5358.0,0.916136,0.8,-0.07,4.36,35.0553,8.17,6.328,7.96058
HD 52265 b,HD 52265,Radial Velocity,2000,G,6136.0,1.32,1.204,0.21,4.36,29.9803,6.29351,4.953,6.15257
HD 5278 b,HD 5278,Transit,2021,F,6203.0,1.194,1.126,-0.12,4.5,57.5846,7.94,6.605,7.80375
HD 5278 c,HD 5278,Radial Velocity,2021,F,6203.0,1.194,1.126,-0.12,4.5,57.5846,7.94,6.605,7.80375
HD 5319 b,HD 5319,Radial Velocity,2007,G,4871.0,4.06,1.27,0.15,3.26,121.405,8.05,5.699,7.77238
HD 5319 c,HD 5319,Radial Velocity,2014,G,4871.0,4.06,1.27,0.15,3.26,121.405,8.05,5.699,7.77238
HD 5388 b,HD 5388,Radial Velocity,2010,F,6297.0,1.91,1.21,-0.27,4.28,53.0661,6.73,5.441,6.59149
HD 55696 b,HD 55696,Radial Velocity,2018,G,6012.0,1.52,1.29,0.37,4.15,77.9693,7.95,6.591,7.81135
HD 5608 b,HD 5608,Radial Velocity,2012,K,4807.0,5.43,1.29,0.04,3.06,58.1105,6.00272,3.826,5.72695
HD 564 b,HD 564,Radial Velocity,2014,G,5902.0,1.01,0.961,-0.2,4.53,51.1659,8.32,6.893,8.17077
HD 5891 b,HD 5891,Radial Velocity,2011,G,4673.0,10.64,1.93,-0.37,2.67,283.502,8.09,5.621,7.79825
HD 59686 A b,HD 59686 A,Radial Velocity,2016,K,4658.0,13.2,1.9,0.15,2.49,89.2721,5.44299,2.922,5.13228
HD 60292 b,HD 60292,Radial Velocity,2020,K,4348.0,27.0,1.7,-0.17,1.9,315.211,6.94657,3.926,6.53238
HD 60532 b,HD 60532,Radial Velocity,2008,F,6245.0,2.57,1.5,-0.26,3.8,25.9716,4.44,3.355,4.30793
HD 60532 c,HD 60532,Radial Velocity,2008,F,6245.0,2.57,1.5,-0.26,3.8,25.9716,4.44,3.355,4.30793
HD 62364 b,HD 62364,Radial Velocity,2022,F,6255.0,1.401,1.157,-0.11,4.14,53.112,7.32,6.001,7.1814
HD 62364 c,HD 62364,Radial Velocity,2022,F,6255.0,1.401,1.19,-0.11,4.14,53.112,7.32,6.001,7.1814
HD 63433 b,HD 63433,Transit,2020,G,5553.0,0.934,0.956,-0.07,4.56,22.4035,6.92035,5.258,6.71831
HD 63433 c,HD 63433,Transit,2020,G,5553.0,0.934,0.956,-0.07,4.56,22.4035,6.92035,5.258,6.71831
HD 63433 d,HD 63433,Transit,2023,G,5688.0,0.912,0.99,0.03,4.52,22.4035,6.92035,5.258,6.71831
HD 63454 b,HD 63454,Radial Velocity,2005,K,4812.0,0.77,0.42,0.1,4.28,37.6894,9.37,6.998,9.05402
HD 63765 b,HD 63765,Radial Velocity,2011,G,5449.0,0.83,0.65,-0.16,4.41,32.5376,8.1,6.316,7.90983
HD 64121 b,HD 64121,Radial Velocity,2022,G,5078.0,5.44,1.64,-0.21,3.19,129.966,7.43,5.244,7.17872
HD 6434 b,HD 6434,Radial Velocity,2003,G,5769.0,1.12,1.1,-0.55,4.38,42.358,7.72,6.187,7.5609
HD 65216 b,HD 65216,Radial Velocity,2003,G,5612.0,0.88,0.874,-0.1685,4.44,35.1205,7.97,6.329,7.7943
HD 65216 c,HD 65216,Radial Velocity,2013,G,5612.0,0.88,0.874,-0.1685,4.44,35.1205,7.97,6.329,7.7943
HD 66141 b,HD 66141,Radial Velocity,2012,K,4323.0,21.4,1.1,-0.323,1.78,68.1509,4.37821,1.447,3.97926
HD 66428 b,HD 66428,Radial Velocity,2005,G,5716.0,1.13,1.01,0.23,4.33,53.2817,8.25,6.66,8.08142
HD 66428 c,HD 66428,Radial Velocity,2021,G,5716.0,1.13,1.01,0.23,4.33,53.2817,8.25,6.66,8.08142
HD 67087 b,HD 67087,Radial Velocity,2015,F,6330.0,1.55,1.36,0.25,4.19,76.5217,8.05,6.866,7.92235
HD 67087 c,HD 67087,Radial Velocity,2015,F,6330.0,1.55,1.36,0.25,4.19,76.5217,8.05,6.866,7.92235
HD 6718 b,HD 6718,Radial Velocity,2009,G,5746.0,1.02,0.96,-0.06,4.48,51.3444,8.45,6.876,8.28147
HD 68402 b,HD 68402,Radial Velocity,2016,G,5950.0,1.02,1.12,0.29,4.47,78.4293,9.11,7.697,8.95443
HD 68475 b,HD 68475,Radial Velocity,2026,K,5022.0,0.79099,0.83,0.07,4.56,33.4297,8.78,6.6,8.51672
HD 68988 b,HD 68988,Radial Velocity,2001,G,5932.0,1.19,1.28,0.35,4.4,60.8447,8.2,6.743,8.04611
HD 68988 c,HD 68988,Radial Velocity,2021,G,5883.41,1.255733,1.171665,0.3052,4.309234,60.8447,8.2,6.743,8.04611
HD 69123 b,HD 69123,Radial Velocity,2022,K,4842.0,7.72,1.68,0.05,2.86,75.116,5.77,3.586,5.49555
HD 69830 b,HD 69830,Radial Velocity,2006,K,5385.0,0.886947,0.86,-0.05,4.490299,12.5591,5.96004,4.165,5.75392
HD 69830 c,HD 69830,Radial Velocity,2006,K,5385.0,0.886947,0.86,-0.05,4.490299,12.5591,5.96004,4.165,5.75392
HD 69830 d,HD 69830,Radial Velocity,2006,K,5385.0,0.886947,0.86,-0.05,4.490299,12.5591,5.96004,4.165,5.75392
HD 70573 b,HD 70573,Radial Velocity,2007,G,5737.0,0.976919,1.0,-0.18,4.59,59.182,8.667,7.191,8.54261
HD 70642 b,HD 70642,Radial Velocity,2003,G,5732.0,0.984,1.078,0.22,4.458,29.276,7.17,5.574,6.99211
HD 7199 b,HD 7199,Radial Velocity,2011,K,5371.0,0.97,0.77,0.32,4.35,36.1531,8.06,6.229,7.83743
HD 72490 b,HD 72490,Radial Velocity,2018,G,4934.0,4.96,1.21,-0.13,3.21,126.339,7.82,5.614,7.57415
HD 72659 b,HD 72659,Radial Velocity,2002,G,5929.0,1.36,1.033,-0.02,4.23,51.8949,7.46,5.982,7.3107
HD 72659 c,HD 72659,Radial Velocity,2022,G,5929.0,1.36,1.033,-0.02,4.23,51.8949,7.46,5.982,7.3107
HD 72892 b,HD 72892,Radial Velocity,2016,G,5688.0,1.22,1.01,0.25,4.27,69.7311,8.83,7.216,8.6469
HD 73256 c,HD 73256,Radial Velocity,2023,G,5570.0,0.944723,1.0,0.29,4.47423,36.708,8.08,6.264,7.85676
HD 73267 b,HD 73267,Radial Velocity,2008,K,5387.0,0.909,0.93,0.03,4.447,50.4093,8.9,7.062,8.67835
HD 73267 c,HD 73267,Radial Velocity,2022,K,5387.0,0.909,0.93,0.03,4.447,50.4093,8.9,7.062,8.67835
HD 73344 b,HD 73344,Transit,2024,F,6252.6,1.22,1.2,0.143,4.372,35.26,6.89351,5.567,6.7468
HD 73344 c,HD 73344,Radial Velocity,2025,F,6148.0,1.22,1.19,0.16,4.36,35.26,6.89351,5.567,6.7468
HD 73344 d,HD 73344,Radial Velocity,2025,F,6148.0,1.22,1.19,0.16,4.36,35.26,6.89351,5.567,6.7468
HD 73526 b,HD 73526,Radial Velocity,2002,G,5601.0,1.53,1.14,0.22,4.12,97.2396,8.99,7.302,8.79682
HD 73526 c,HD 73526,Radial Velocity,2005,G,5601.0,1.53,1.014,0.22,4.12,97.2396,8.99,7.302,8.79682
HD 73534 b,HD 73534,Radial Velocity,2008,G,4917.0,2.58,1.16,0.232,3.6,83.3321,8.23,5.962,7.95707
HD 73583 b,HD 73583,Transit,2022,K,4511.0,0.65,0.73,0.0,4.62,31.5666,9.67,6.948,9.27033
HD 73583 c,HD 73583,Transit,2022,K,4511.0,0.65,0.73,0.0,4.62,31.5666,9.67,6.948,9.27033
HD 74156 b,HD 74156,Radial Velocity,2003,G,6068.0,1.510576,1.1,0.131,4.139148,57.603,7.61,6.209,7.46934
HD 74156 c,HD 74156,Radial Velocity,2003,G,6068.0,1.510576,1.1,0.131,4.139148,57.603,7.61,6.209,7.46934
HD 7449 b,HD 7449,Radial Velocity,2011,F,6024.0,0.97,1.196,-0.105,4.52,38.662,7.5,6.084,7.34996
HD 74698 b,HD 74698,Radial Velocity,2023,G,5783.0,1.333,1.039,0.07,4.12,52.0648,7.78,6.23,7.60959
HD 74698 c,HD 74698,Radial Velocity,2023,G,5783.0,1.333,1.039,0.07,4.12,52.0648,7.78,6.23,7.60959
HD 75289 b,HD 75289,Radial Velocity,1999,G,6117.0,1.23,1.29,0.26,4.37,29.1158,6.35,5.012,6.21047
HD 75302 b,HD 75302,Radial Velocity,2023,G,5697.46,0.940904,1.06,0.0857,4.4953,30.3288,7.45,5.84,7.283
HD 75784 b,HD 75784,Radial Velocity,2014,G,4867.0,3.4,1.26,0.25,3.46,85.4321,7.84,5.502,7.5599
HD 75784 c,HD 75784,Radial Velocity,2018,G,4867.0,3.4,1.26,0.25,3.46,85.4321,7.84,5.502,7.5599
HD 75898 b,HD 75898,Radial Velocity,2007,F,6122.0,1.55,1.295,0.29,4.34,78.0505,8.03,6.662,7.89597
HD 75898 c,HD 75898,Radial Velocity,2024,F,6122.0,1.55,1.295,0.29,4.34,78.0505,8.03,6.662,7.89597
HD 76700 b,HD 76700,Radial Velocity,2002,G,5644.0,1.37,0.99,0.31,4.16,60.8831,8.16,6.5,7.97348
HD 76920 b,HD 76920,Radial Velocity,2017,K,4664.0,8.33,1.0,-0.19,2.71,184.031,7.83,5.253,7.5144
HD 77338 b,HD 77338,Radial Velocity,2012,K,5341.0,0.97,1.37,0.32,4.6,45.935,8.63,6.761,8.40992
HD 77946 b,HD 77946,Transit,2024,F,6007.0,1.3174,1.1973,0.215,4.276,99.451,8.99,7.622,8.85184
HD 79181 b,HD 79181,Radial Velocity,2021,G,4862.0,11.06,1.28,-0.28,2.45,103.335,5.72,3.54,5.45292
HD 7924 b,HD 7924,Radial Velocity,2008,K,5131.0,0.78,0.65,-0.21,4.46,16.9922,7.17896,5.159,6.92516
HD 7924 c,HD 7924,Radial Velocity,2015,K,5075.0,0.7821,0.832,-0.15,4.59,16.9922,7.17896,5.159,6.92516
HD 7924 d,HD 7924,Radial Velocity,2015,K,5075.0,0.7821,0.832,-0.15,4.59,16.9922,7.17896,5.159,6.92516
HD 79498 b,HD 79498,Radial Velocity,2011,G,5748.0,1.05,1.08,0.18,4.37,48.9489,8.05,6.53,7.8859
HD 80606 b,HD 80606,Radial Velocity,2001,G,5565.0,1.05,1.05,0.35,4.42,66.4711,9.06,7.316,8.82008
HD 80653 b,HD 80653,Transit,2020,G,5959.0,1.22,1.18,0.255,4.34,109.86,9.452,8.018,9.30733
HD 80869 b,HD 80869,Radial Velocity,2021,G,5837.0,1.062,1.06,0.17,4.18,85.3951,8.48,6.914,8.33173
HD 81040 b,HD 81040,Radial Velocity,2005,G,5755.0,0.91,0.99,-0.04,4.54,34.4341,7.72,6.159,7.55543
HD 81688 b,HD 81688,Radial Velocity,2007,K,4797.0,11.13,1.07,-0.32,2.37,85.7183,5.39755,3.056,5.12598
HD 81817 b,HD 81817,Radial Velocity,2020,K,4140.0,83.8,4.3,-0.17,1.3,269.126,4.26489,0.779,3.80122
HD 81817 c,HD 81817,Radial Velocity,2022,K,4140.0,83.8,4.3,-0.17,1.3,269.126,4.26489,0.779,3.80122
HD 82886 b,HD 82886,Radial Velocity,2011,G,4953.0,5.26,2.53,-0.31,3.4,127.061,7.62,5.452,7.38096
HD 82943 b,HD 82943,Radial Velocity,2003,G,5935.0,1.1826,1.08,0.26,4.32582,27.5902,6.54993,5.105,6.38964
HD 82943 c,HD 82943,Radial Velocity,2003,G,5935.0,1.1826,1.08,0.26,4.32582,27.5902,6.54993,5.105,6.38964
HD 8326 b,HD 8326,Radial Velocity,2019,K,4914.0,0.783181,0.8,0.0399,4.54993,30.6862,8.76,6.504,8.47487
HD 83443 b,HD 83443,Radial Velocity,2002,K,5442.0,0.94,1.0,0.34,4.39,40.8991,8.23,6.444,8.0265
HD 83443 c,HD 83443,Radial Velocity,2022,K,5442.0,0.94,1.0,0.34,4.39,40.8991,8.23,6.444,8.0265
HD 8535 b,HD 8535,Radial Velocity,2010,G,6136.0,1.19,1.13,0.06,4.46,55.4401,7.7,6.354,7.56066
HD 85390 b,HD 85390,Radial Velocity,2011,K,5186.0,0.8,0.758,-0.07,4.41,33.5225,8.54,6.491,8.29462
HD 8574 b,HD 8574,Radial Velocity,2002,F,6064.0,1.38,1.34,0.01,4.28,44.8264,7.12,5.784,6.98345
HD 86081 b,HD 86081,Radial Velocity,2006,F,5939.0,1.46,1.21,0.22,4.18,103.936,8.73,7.299,8.58804
HD 86226 b,HD 86226,Radial Velocity,2009,G,5863.0,1.053,1.019,0.018,4.4,45.683,7.93,6.463,7.7713
HD 86226 c,HD 86226,Transit,2020,G,5863.0,1.053,1.019,0.018,4.4,45.683,7.93,6.463,7.7713
HD 86264 b,HD 86264,Radial Velocity,2009,F,6210.0,1.88,1.26,0.202,4.02,67.8107,7.41,6.224,7.28372
HD 86728 b,HD 86728,Radial Velocity,2025,G,5610.0,1.237,0.967,0.2,4.25,14.9202,5.37988,3.821,5.2094
HD 8673 b,HD 8673,Radial Velocity,2009,F,6389.05,1.50225,1.28,0.1474,4.19179,37.8619,6.331,5.169,6.2242
HD 86950 b,HD 86950,Radial Velocity,2016,K,4805.0,8.8,1.66,0.04,2.66,209.839,7.47,5.038,7.17997
HD 87646 b,HD 87646,Radial Velocity,2016,G,5770.0,1.55,1.12,-0.17,4.1,73.58352,8.07,6.536,7.9295
HD 87816 b,HD 87816,Radial Velocity,2025,K,4989.0,9.0,2.41,0.14,2.86,133.233,6.5,4.283,6.24221
HD 87816 c,HD 87816,Radial Velocity,2025,K,4989.0,9.0,2.41,0.14,2.86,133.233,6.5,4.283,6.24221
HD 87883 b,HD 87883,Radial Velocity,2009,K,4980.0,0.798557,0.8,0.11,4.54862,18.2912,7.56,5.314,7.27194
HD 88133 b,HD 88133,Radial Velocity,2004,G,5392.0,2.2,1.26,0.34,3.88,73.6123,8.01852,6.199,7.80979
HD 88986 b,HD 88986,Radial Velocity,2023,G,5861.0,1.543,1.25,0.06,4.16,33.2673,6.46974,4.884,6.30259
HD 89307 b,HD 89307,Radial Velocity,2009,G,5955.0,1.1,1.27,-0.13,4.46,32.0104,7.02569,5.564,6.86817
HD 89345 b,HD 89345,Transit,2018,G,5576.0,1.747,1.157,0.421,4.016,132.345,9.38,7.721,9.21702
HD 89744 b,HD 89744,Radial Velocity,1999,F,6291.0,2.13257,1.86,0.2238,4.07,38.6364,5.73469,4.454,5.60551
HD 89839 b,HD 89839,Radial Velocity,2023,F,6314.0,1.28588,1.21,0.04,4.49,57.3063,7.64,6.362,7.51304
HD 90156 b,HD 90156,Radial Velocity,2011,G,5599.0,0.920286,0.84,-0.24,4.48,21.9496,6.92,5.245,6.73951
HD 9174 b,HD 9174,Radial Velocity,2016,G,5577.0,1.67,1.03,0.39,4.03,81.4893,8.4,6.744,8.22923
HD 92788 b,HD 92788,Radial Velocity,2000,G,5744.0,1.14,1.15,0.27,4.39,34.6538,7.31637,5.721,7.13929
HD 92788 c,HD 92788,Radial Velocity,2019,G,5744.0,1.14,1.15,0.27,4.39,34.6538,7.31637,5.721,7.13929
HD 93083 b,HD 93083,Radial Velocity,2005,K,5033.8,0.837,0.836,0.13,4.23,28.5159,8.3,6.132,8.04206
HD 93385 b,HD 93385,Radial Velocity,2021,G,5977.0,1.18484,1.04,0.02,4.42,43.3475,7.49,6.065,7.33769
HD 93385 c,HD 93385,Radial Velocity,2021,G,5977.0,1.18484,1.04,0.02,4.42,43.3475,7.49,6.065,7.33769
HD 93385 d,HD 93385,Radial Velocity,2021,G,5977.0,1.18484,1.04,0.02,4.42,43.3475,7.49,6.065,7.33769
HD 93963 A b,HD 93963 A,Transit,2022,G,5908.0,1.0311,1.0844,0.11,4.445,82.3432,9.182,7.776,9.03376
HD 93963 A c,HD 93963 A,Transit,2022,G,5908.0,1.0311,1.0844,0.11,4.445,82.3432,9.182,7.776,9.03376
HD 9446 b,HD 9446,Radial Velocity,2009,G,5793.0,1.0,1.0,0.09,4.53,50.3503,8.35,6.851,8.2095
HD 9446 c,HD 9446,Radial Velocity,2009,G,5793.0,1.0,1.0,0.09,4.53,50.3503,8.35,6.851,8.2095
HD 94771 b,HD 94771,Radial Velocity,2023,G,5631.0,1.903,1.2,0.22,3.94,57.7807,7.37,5.632,7.17929
HD 94834 b,HD 94834,Radial Velocity,2018,K,4798.0,4.2,1.11,0.12,3.22,98.1609,7.6,5.2,7.30241
HD 94890 b,HD 94890,Radial Velocity,2025,K,4867.0,10.71,1.74,-0.02,2.6,61.7012,4.6,2.228,4.32647
HD 94890 c,HD 94890,Radial Velocity,2025,K,4867.0,10.71,1.74,-0.02,2.6,61.7012,4.6,2.228,4.32647
HD 95086 b,HD 95086,Imaging,2013,A,7595.0,1.48667,1.6,0.14,4.34161,86.2279,7.36,6.789,7.30915
HD 95089 b,HD 95089,Radial Velocity,2009,G,4918.0,5.08,1.54,0.05,3.24,136.957,7.92,5.626,7.66056
HD 95089 c,HD 95089,Radial Velocity,2016,G,4918.0,5.08,1.54,0.05,3.24,136.957,7.92,5.626,7.66056
HD 95127 b,HD 95127,Radial Velocity,2015,K,4218.0,41.01,3.7,-0.18,1.78,676.579,8.15,5.022,7.72111
HD 95338 b,HD 95338,Radial Velocity,2020,K,5097.0,0.868,0.848,0.08,4.44,36.9941,8.62,6.591,8.38213
HD 95544 b,HD 95544,Radial Velocity,2021,G,5722.0,1.088,1.01,0.11,4.07,87.8049,8.39,6.771,8.210671
HD 95872 b,HD 95872,Radial Velocity,2015,K,5312.0,0.84,0.7,0.41,4.43,72.2195,9.955,7.956,9.65278
HD 96063 b,HD 96063,Radial Velocity,2011,G,5020.0,4.75,1.37,-0.3,3.33,140.065,8.21,6.05,7.96991
HD 96127 b,HD 96127,Radial Velocity,2011,K,3943.0,35.0,0.91,-0.24,2.06,587.659,7.40521,3.911,6.88245
HD 96167 b,HD 96167,Radial Velocity,2009,G,5733.0,1.94,1.27,0.34,3.99,85.3006,8.09,6.554,7.92849
HD 96700 b,HD 96700,Radial Velocity,2021,G,5845.0,1.16,0.89,-0.18,4.39,25.4111,6.51,4.995,6.35547
HD 96700 c,HD 96700,Radial Velocity,2021,G,5845.0,1.16,0.89,-0.18,4.39,25.4111,6.51,4.995,6.35547
HD 96700 d,HD 96700,Radial Velocity,2021,G,5845.0,1.16,0.89,-0.18,4.39,25.4111,6.51,4.995,6.35547
HD 96992 b,HD 96992,Radial Velocity,2021,K,4725.0,7.43,0.96,-0.45,2.76,396.082,8.57,6.015,8.27377
HD 97658 b,HD 97658,Radial Velocity,2010,K,5212.0,0.728,0.85,-0.23,4.64,21.5618,7.76,5.734,7.5136
HD 98219 b,HD 98219,Radial Velocity,2011,K,4925.0,4.6,1.41,-0.02,3.36,113.704,8.05,5.813,7.79079
HD 98649 b,HD 98649,Radial Velocity,2012,G,5759.0,1.01,0.97,-0.06,4.38,42.1727,8.0,6.419,7.82889
HD 98736 b,HD 98736,Radial Velocity,2018,G,5271.0,0.93,0.92,0.36,4.47293,32.4459,7.93,6.028,7.75446
HD 99109 b,HD 99109,Radial Velocity,2005,G,5282.0,0.98,0.76,0.35,4.34,54.7901,9.1,7.162,8.86823
HD 99283 b,HD 99283,Radial Velocity,2021,K,4886.0,11.21,1.76,-0.16,2.57,111.093,5.72916,3.568,5.46403
HD 99492 b,HD 99492,Radial Velocity,2004,K,4929.0,0.822539,0.85,0.3,4.57,18.2038,7.56727,5.256,7.26005
HD 99492 c,HD 99492,Radial Velocity,2023,K,4929.0,0.822539,0.85,0.3,4.57,18.2038,7.56727,5.256,7.26005
HD 99706 b,HD 99706,Radial Velocity,2011,K,4862.0,5.52,1.46,0.14,3.09,146.6,7.65,5.335,7.37747
HD 99706 c,HD 99706,Radial Velocity,2016,K,4891.0,5.4,1.72,0.14,3.2,146.6,7.65,5.335,7.37747
HIP 10090 b,HIP 10090,Radial Velocity,2026,K,5661.0,1.38268,0.94,0.47,4.1434,82.3937,8.94,7.236,8.76445
HIP 10090 c,HIP 10090,Radial Velocity,2026,K,5661.0,1.38268,0.94,0.47,4.1434,82.3937,8.94,7.236,8.76445
HIP 105854 b,HIP 105854,Radial Velocity,2014,K,4780.0,10.305119,2.1,0.31,2.94,78.6381,5.64,2.994,5.28614
HIP 107773 b,HIP 107773,Radial Velocity,2015,K,4945.0,11.6,2.42,0.03,2.6,105.18,5.62,3.292,5.36073
HIP 109384 b,HIP 109384,Radial Velocity,2016,G,5180.0,0.831075,0.78,-0.26,4.43,58.9582,9.61,7.652,9.387981
HIP 109600 b,HIP 109600,Radial Velocity,2016,G,5530.0,0.971958,0.87,-0.12,4.45,66.3361,9.18,7.499,9.003861
HIP 111909 b,HIP 111909,Radial Velocity,2025,K,4891.0,4.53,1.28,-0.01,3.09,88.077,7.37,5.024,7.09697
HIP 111909 c,HIP 111909,Radial Velocity,2025,K,4891.0,4.53,1.28,-0.01,3.09,88.077,7.37,5.024,7.09697
HIP 114933 b,HIP 114933,Radial Velocity,2021,K,4823.0,5.27,1.39,0.06,2.99,101.766,7.25,4.907,6.97658
HIP 116454 b,HIP 116454,Transit,2014,K,5048.0,0.758,0.8,0.0,4.582,62.4491,10.19,8.029,9.93208
HIP 12961 b,HIP 12961,Radial Velocity,2010,M,3901.0,0.65,0.69,-0.14,4.65,23.371,10.25,6.736,9.59893
HIP 14810 b,HIP 14810,Radial Velocity,2005,G,5544.0,1.07,1.01,0.24,4.32,50.48,8.520001,6.828,8.33307
HIP 14810 c,HIP 14810,Radial Velocity,2006,G,5544.0,1.07,1.01,0.24,4.32,50.48,8.520001,6.828,8.33307
HIP 14810 d,HIP 14810,Radial Velocity,2009,G,5544.0,1.07,1.01,0.24,4.32,50.48,8.520001,6.828,8.33307
HIP 18606 b,HIP 18606,Radial Velocity,2025,K,4860.0,4.83,1.21,-0.01,3.1,47.0288,5.83308,3.604,5.56374
HIP 21152 b,HIP 21152,Imaging,2022,F,6655.0,1.59186,1.4,0.13,4.3,43.4073,6.37009,5.333,6.25568
HIP 39017 b,HIP 39017,Imaging,2024,A,7201.0,1.51987,1.52,-0.26,4.28128,66.3217,6.96076,6.227,6.90458
HIP 39330 b,HIP 39330,Radial Velocity,2026,G,5748.0,1.02786,0.96,0.16,4.43951,36.3958,7.52,6.006,7.35423
HIP 41378 b,HIP 41378,Transit,2016,F,6371.0,1.306,1.245,0.046,4.32,106.289,8.93,7.722,8.80998
HIP 41378 c,HIP 41378,Transit,2016,F,6371.0,1.306,1.245,0.046,4.32,106.289,8.93,7.722,8.80998
HIP 41378 d,HIP 41378,Transit,2016,F,6320.0,1.273,1.16,-0.1,4.294,106.289,8.93,7.722,8.80998
HIP 41378 e,HIP 41378,Transit,2016,F,6320.0,1.273,1.16,-0.1,4.294,106.289,8.93,7.722,8.80998
HIP 41378 f,HIP 41378,Transit,2016,F,6226.0,1.299,1.14,0.046,4.294,106.289,8.93,7.722,8.80998
HIP 41378 g,HIP 41378,Radial Velocity,2025,F,6371.0,1.306,1.245,0.046,4.32,106.289,8.93,7.722,8.80998
HIP 54597 b,HIP 54597,Radial Velocity,2023,K,4799.0,0.66,0.8,-0.22,4.43,39.7429,9.83,7.276,9.4828
HIP 56640 b,HIP 56640,Radial Velocity,2021,K,4769.0,4.93,1.75,-0.03,2.91,122.324,7.94,5.493,7.64993
HIP 57274 b,HIP 57274,Radial Velocity,2011,K,4510.0,0.78,0.29,0.01,4.11,25.8618,8.97,6.286,8.57069
HIP 57274 c,HIP 57274,Radial Velocity,2011,K,4640.0,0.68,0.73,0.09,4.71,25.8618,8.97,6.286,8.57069
HIP 57274 d,HIP 57274,Radial Velocity,2011,K,4640.0,0.68,0.73,0.09,4.71,25.8618,8.97,6.286,8.57069
HIP 63242 b,HIP 63242,Radial Velocity,2013,G,4830.0,10.275655,1.54,-0.31,2.53,156.456,6.86,4.406,6.56453
HIP 65 A b,HIP 65 A,Transit,2020,K,4590.0,0.7242,0.781,0.18,4.611,61.7856,11.0,8.29,10.5895
HIP 65407 b,HIP 65407,Radial Velocity,2016,K,5460.0,0.952252,0.93,0.25,4.47,61.7804,9.38,7.578,9.15101
HIP 65407 c,HIP 65407,Radial Velocity,2016,K,5460.0,0.952252,0.93,0.25,4.47,61.7804,9.38,7.578,9.15101
HIP 65891 b,HIP 65891,Radial Velocity,2015,K,5000.0,8.93,2.5,0.16,2.9,150.292,6.75,4.453,6.48224
HIP 67522 b,HIP 67522,Transit,2020,G,5675.0,1.38,1.22,0.0,4.0,127.28,9.79,8.164,9.63261
HIP 67522 c,HIP 67522,Transit,2024,G,5675.0,1.38,1.22,0.0,4.0,127.28,9.79,8.164,9.63261
HIP 67537 b,HIP 67537,Radial Velocity,2017,K,4985.0,8.69,2.316,0.15,2.85,116.046,6.43,4.196,6.17087
HIP 67851 b,HIP 67851,Radial Velocity,2015,K,4840.0,5.45,1.28,0.01,3.11,64.1181,6.17,3.751,5.89329
HIP 67851 c,HIP 67851,Radial Velocity,2015,K,4840.0,5.45,1.28,0.01,3.11,64.1181,6.17,3.751,5.89329
HIP 74890 b,HIP 74890,Radial Velocity,2016,K,4850.0,5.77,1.74,0.2,3.1,78.6562,7.05,4.639,6.75234
HIP 75092 b,HIP 75092,Radial Velocity,2021,K,4891.0,4.53,1.28,-0.01,3.09,81.6696,7.11,4.738,6.82953
HIP 78530 b,HIP 78530,Imaging,2010,B,10500.0,2.10876,2.5,-0.5,4.13086,136.759,7.1691,6.903,7.14665
HIP 79431 b,HIP 79431,Radial Velocity,2009,M,3191.0,0.478625,0.49,0.4,4.75617,14.5324,11.394,6.589,10.2351
HIP 8541 b,HIP 8541,Radial Velocity,2016,K,4672.0,6.84,2.009,-0.19,2.95,155.121,7.88,5.29,7.56075
HIP 8923 b,HIP 8923,Radial Velocity,2026,G,5980.0,1.32164,1.01,0.42,4.22115,65.9957,8.24,6.818,8.08772
HIP 90988 b,HIP 90988,Radial Velocity,2021,K,4883.0,3.94,1.613,0.17,3.32,94.0349,7.75,5.383,7.46648
HIP 91258 b,HIP 91258,Radial Velocity,2013,G,5519.0,0.89,0.97,0.23,4.53,45.8846,8.65,6.893,8.45032
HIP 94235 b,HIP 94235,Transit,2022,G,5991.0,1.08,1.094,0.0,4.46,58.5146,8.31,6.881,8.16034
HIP 97166 b,HIP 97166,Transit,2021,K,5216.0,0.8418,0.9342,0.248,4.557,65.9501,9.92,7.923,9.68443
HIP 97166 c,HIP 97166,Radial Velocity,2021,K,5216.0,0.8418,0.9342,0.248,4.557,65.9501,9.92,7.923,9.68443
HIP 97233 b,HIP 97233,Radial Velocity,2014,K,5020.0,5.34,1.81,0.29,3.26,102.275,7.34,5.09,7.07025
HIP 98599 b,HIP 98599,Radial Velocity,2026,F,5978.0,1.39484,1.19,-0.12,4.23538,75.9428,8.11,6.878,7.9823
HN Lib b,HN Lib,Radial Velocity,2023,M,3347.0,0.299,0.291,-0.18,4.76,6.24442,11.311,5.939,9.87882
HN Peg b,HN Peg,Imaging,2006,G,6186.0,1.006954,1.08,-0.036,4.48,18.1186,5.97707,4.559,5.82363
HR 2562 b,HR 2562,Imaging,2016,F,6597.0,1.334,1.3,0.02,4.3,34.0071,6.11,5.02,5.99741
HR 5183 b,HR 5183,Radial Velocity,2019,G,5794.0,1.53,1.07,0.1,4.02,31.4607,6.33432,4.851,6.17464
HR 810 b,HR 810,Radial Velocity,1999,G,6167.0,1.13,1.34,0.16,4.46,17.3181,5.4,4.138,5.25587
HR 858 b,HR 858,Transit,2019,F,6354.0,1.258,1.204,0.025,4.3,31.964,6.38,5.149,6.25276
HR 858 c,HR 858,Transit,2019,F,6354.0,1.258,1.204,0.025,4.3,31.964,6.38,5.149,6.25276
HR 858 d,HR 858,Transit,2019,F,6354.0,1.258,1.204,0.025,4.3,31.964,6.38,5.149,6.25276
HR 8799 b,HR 8799,Imaging,2008,A,7204.58,1.49338,1.5,-0.47,4.29656,41.2441,5.98,5.24,5.90914
HR 8799 c,HR 8799,Imaging,2008,A,7204.58,1.49338,1.5,-0.47,4.29656,41.2441,5.98,5.24,5.90914
HR 8799 d,HR 8799,Imaging,2008,A,7204.58,1.49338,1.5,-0.47,4.29656,41.2441,5.98,5.24,5.90914
HR 8799 e,HR 8799,Imaging,2010,A,7400.0,1.49338,1.51,-0.5,4.0,41.2441,5.98,5.24,5.90914
HS Psc b,HS Psc,Radial Velocity,2024,K,4203.0,0.65,0.69,-0.05,4.66,37.6604,10.769,7.642,10.2865
K2-10 b,K2-10,Transit,2015,F,5533.0,0.956,0.88,-0.07,4.47,272.36,12.429,10.645,12.2156
K2-100 b,K2-100,Transit,2016,G,5945.0,1.24,1.15,0.22,4.33,188.959,10.651,9.182,10.4053
K2-101 b,K2-101,Transit,2016,K,4927.0,0.76,0.82,0.07,4.59,188.33,12.892,10.536,12.6619
K2-102 b,K2-102,Transit,2016,K,4695.0,0.71,0.77,0.14,4.53373,188.175,13.083,10.64,12.8466
K2-104 b,K2-104,Transit,2016,M,3712.0,0.48,0.51,0.18,4.78,189.289,15.989,12.014,15.3955
K2-105 b,K2-105,Transit,2017,K,5373.0,0.905,0.94,0.22,4.45,197.989,11.752,10.091,11.7124
K2-107 b,K2-107,Transit,2017,F,6061.0,1.81,1.3,0.14,4.04,685.2,13.012,11.21,12.7669
K2-11 b,K2-11,Transit,2015,G,5433.0,5.15,1.35,-0.12,4.56,329.309,13.409,11.347,13.1501
K2-110 b,K2-110,Transit,2017,K,5010.0,0.713,0.738,-0.34,4.61,116.474,11.985,9.607,11.6627
K2-111 b,K2-111,Transit,2017,G,5775.0,1.25,0.84,-0.46,4.25,200.394,11.13,9.377,10.9294
K2-111 c,K2-111,Radial Velocity,2020,G,5775.0,1.25,0.84,-0.46,4.25,200.394,11.13,9.377,10.9294
K2-113 b,K2-113,Transit,2017,G,5660.0,1.24,1.04,0.27,4.27,635.722,13.744,11.949,13.5039
K2-115 b,K2-115,Transit,2017,G,5870.0,0.855,0.918,-0.198,4.538,413.591,13.444,11.724,13.2
K2-117 b,K2-117,Transit,2017,M,3778.0,0.51,0.54,-0.05,4.75,101.632,14.639,10.589,13.8012
K2-117 c,K2-117,Transit,2017,M,3778.0,0.51,0.54,-0.05,4.75,101.632,14.639,10.589,13.8012
K2-12 b,K2-12,Transit,2015,F,5672.0,1.117,0.965,0.0,4.3,326.381,12.38,10.605,12.0884
K2-122 b,K2-122,Transit,2017,M,4009.0,0.59,0.63,0.32,4.69,72.0444,13.105,9.275,12.3708
K2-13 b,K2-13,Transit,2015,G,5698.0,0.78,0.8,-0.54,4.33,342.394,12.882,11.169,12.739
K2-136 b,K2-136,Transit,2017,K,4500.0,0.677,0.742,-0.02,4.68,59.2474,11.101,8.368,10.8545
K2-136 c,K2-136,Transit,2017,K,4500.0,0.677,0.742,-0.02,4.68,59.2474,11.101,8.368,10.8545
K2-136 d,K2-136,Transit,2017,K,4500.0,0.677,0.742,-0.02,4.68,59.2474,11.101,8.368,10.8545
K2-137 b,K2-137,Transit,2017,M,3697.0,0.29,0.463,-0.059,5.0,98.8765,15.94,10.882,14.4345
K2-138 b,K2-138,Transit,2017,G,5356.3,0.863,0.935,0.14,4.54,202.585,12.246,10.305,12.0252
K2-138 c,K2-138,Transit,2017,G,5356.3,0.863,0.935,0.14,4.54,202.585,12.246,10.305,12.0252
K2-138 d,K2-138,Transit,2017,G,5356.3,0.863,0.935,0.14,4.54,202.585,12.246,10.305,12.0252
K2-138 e,K2-138,Transit,2017,G,5356.3,0.863,0.935,0.14,4.54,202.585,12.246,10.305,12.0252
K2-138 f,K2-138,Transit,2017,G,5356.3,0.863,0.935,0.14,4.54,202.585,12.246,10.305,12.0252
K2-138 g,K2-138,Transit,2021,G,5356.3,0.863,0.935,0.14,4.54,202.585,12.246,10.305,12.0252
K2-139 b,K2-139,Transit,2017,K,5370.0,0.88,0.96,0.24,4.54,153.856,11.652,9.66,11.4626
K2-14 b,K2-14,Transit,2015,M,3789.0,0.45,0.47,-0.37,4.891,364.048,15.78,12.611,15.5348
K2-140 b,K2-140,Transit,2017,G,5585.0,1.06,0.96,0.1,4.4,347.917,12.727,10.995,12.4814
K2-141 b,K2-141,Transit,2018,K,4570.0,0.681,0.708,0.0,4.62,61.8736,11.454,8.401,10.7217
K2-141 c,K2-141,Transit,2018,K,4570.0,0.681,0.708,0.0,4.62,61.8736,11.454,8.401,10.7217
K2-146 b,K2-146,Transit,2018,M,3385.0,0.33,0.331,-0.02,4.8983,79.3002,16.7,11.37,14.9834
K2-146 c,K2-146,Transit,2019,M,3385.0,0.33,0.331,-0.02,4.8983,79.3002,16.7,11.37,14.9834
K2-149 b,K2-149,Transit,2018,M,3745.0,0.568,0.595,0.11,4.707,123.676,14.543,10.561,13.7795
K2-15 b,K2-15,Transit,2015,G,5131.0,0.68,0.72,-0.46,4.571,493.992,14.758,12.495,14.4237
K2-150 b,K2-150,Transit,2018,M,3499.0,0.436,0.457,0.09,4.822,102.483,15.784,11.249,14.815
K2-151 b,K2-151,Transit,2018,M,3695.0,0.45,0.47,-0.19,4.8,69.4798,14.175,10.117,13.3119
K2-152 b,K2-152,Transit,2018,M,4044.0,0.61,0.63,0.12,4.67,108.449,13.728,10.096,13.0383
K2-153 b,K2-153,Transit,2018,M,3845.0,0.53,0.55,-0.09,4.73,143.125,14.96,11.207,14.2706
K2-154 b,K2-154,Transit,2018,M,4097.0,0.63,0.65,0.21,4.65,129.356,13.861,10.368,13.3173
K2-154 c,K2-154,Transit,2018,M,4097.0,0.63,0.65,0.21,4.65,129.356,13.861,10.368,13.3173
K2-155 b,K2-155,Transit,2018,K,4258.0,0.58,0.65,-0.3,4.6,72.7998,12.773,9.496,12.2528
K2-155 c,K2-155,Transit,2018,K,4258.0,0.58,0.65,-0.3,4.6,72.7998,12.773,9.496,12.2528
K2-155 d,K2-155,Transit,2018,K,4258.0,0.58,0.65,-0.3,4.6,72.7998,12.773,9.496,12.2528
K2-157 b,K2-157,Transit,2018,G,5334.0,0.86,0.89,0.02,4.45,298.373,12.942,10.98,12.6419
K2-157 c,K2-157,Radial Velocity,2025,G,5334.0,0.86,0.89,0.02,4.45,298.373,12.942,10.98,12.6419
K2-157 d,K2-157,Radial Velocity,2025,G,5334.0,0.86,0.89,0.02,4.45,298.373,12.942,10.98,12.6419
K2-16 b,K2-16,Transit,2015,K,4742.0,0.66,0.68,-0.33,4.51,334.967,14.668,12.087,14.3234
K2-16 c,K2-16,Transit,2015,K,4742.0,0.66,0.68,-0.33,4.51,334.967,14.668,12.087,14.3234
K2-167 b,K2-167,Transit,2018,F,6310.0,1.499,1.084,-0.456,4.122,80.8994,8.24,6.887,8.103581
K2-17 b,K2-17,Transit,2015,K,4320.0,0.66,0.71,0.15,4.798,125.106,13.411,10.308,13.0023
K2-18 b,K2-18,Transit,2015,M,3457.0,0.411,0.359,0.12,4.7864,38.0266,13.477,8.899,12.4154
K2-18 c,K2-18,Radial Velocity,2017,M,3457.0,0.411,0.359,0.09,4.7864,38.0266,13.477,8.899,12.4154
K2-180 b,K2-180,Transit,2018,K,5365.0,0.719,0.735,-0.578,4.591,203.896,12.557,10.677,12.4039
K2-19 b,K2-19,Transit,2015,G,5322.0,0.82,0.88,0.06,4.51,289.827,13.024,11.161,12.8153
K2-19 c,K2-19,Transit,2015,G,5322.0,0.82,0.88,0.06,4.51,289.827,13.024,11.161,12.8153
K2-19 d,K2-19,Transit,2016,G,5350.0,0.824,0.892,0.03,4.556,289.827,13.024,11.161,12.8153
K2-21 b,K2-21,Transit,2015,M,4222.06,0.646783,0.676023,-0.11,4.828,83.6448,12.851,9.417,12.2785
K2-21 c,K2-21,Transit,2015,M,4222.06,0.646783,0.676023,-0.11,4.828,83.6448,12.851,9.417,12.2785
K2-216 b,K2-216,Transit,2018,K,4503.0,0.72,0.7,0.0,4.57,115.461,12.403,9.721,12.0576
K2-22 b,K2-22,Transit,2015,M,3879.0,0.58,0.595292,0.032,4.7,243.836,15.565,11.924,14.9537
K2-222 b,K2-222,Transit,2018,G,5942.0,1.072,0.94,-0.315,4.35,101.321,9.543,8.105,9.36072
K2-229 b,K2-229,Transit,2018,G,5315.0,0.79,0.87,-0.09,4.6,102.564,10.985,9.05,10.7861
K2-229 c,K2-229,Transit,2018,G,5315.0,0.79,0.87,-0.09,4.59,102.564,10.985,9.05,10.7861
K2-233 b,K2-233,Transit,2018,K,4796.0,0.71,0.79,-0.082,4.53,67.5062,10.883,8.375,10.4191
K2-233 c,K2-233,Transit,2018,K,4796.0,0.71,0.79,-0.082,4.53,67.5062,10.883,8.375,10.4191
K2-233 d,K2-233,Transit,2018,K,4796.0,0.71,0.79,-0.082,4.53,67.5062,10.883,8.375,10.4191
K2-237 b,K2-237,Transit,2018,F,6180.0,1.236,1.256,0.337,4.353,314.995,11.602,10.217,11.4668
K2-238 b,K2-238,Transit,2018,G,5630.0,1.59,1.19,0.34,4.11,537.963,13.973,12.032,13.6635
K2-239 b,K2-239,Transit,2018,M,3420.0,0.36,0.4,-0.1,4.9,31.0849,14.632,9.971,13.4367
K2-239 c,K2-239,Transit,2018,M,3420.0,0.36,0.4,-0.1,4.9,31.0849,14.632,9.971,13.4367
K2-239 d,K2-239,Transit,2018,M,3420.0,0.36,0.4,-0.1,4.9,31.0849,14.632,9.971,13.4367
K2-24 b,K2-24,Transit,2016,G,5625.0,1.16,1.07,0.34,4.29,170.562,11.275,9.18,10.9072
K2-24 c,K2-24,Transit,2016,G,5625.0,1.16,1.07,0.34,4.29,170.562,11.275,9.18,10.9072
K2-240 b,K2-240,Transit,2018,M,3810.0,0.54,0.58,-0.1,4.7,72.9105,13.372,9.56,12.6212
K2-240 c,K2-240,Transit,2018,M,3810.0,0.54,0.58,-0.1,4.7,72.9105,13.372,9.56,12.6212
K2-25 b,K2-25,Transit,2015,M,3207.0,0.2932,0.2634,0.15,4.944,44.9565,16.21,10.444,14.3817
K2-26 b,K2-26,Transit,2016,M,3785.0,0.52,0.56,-0.13,4.72407,99.0504,14.528,10.53,13.7519
K2-260 b,K2-260,Transit,2018,F,6860.0,1.755,1.637,0.334,4.161,663.834,12.624,11.093,12.4667
K2-261 b,K2-261,Transit,2018,G,5490.0,1.663,1.107,0.372,4.04,213.283,10.612,8.89,10.4594
K2-263 b,K2-263,Transit,2018,G,5368.0,0.85,0.88,-0.08,4.51,162.481,11.568,9.748,11.4055
K2-264 b,K2-264,Transit,2018,M,3660.0,0.473,0.496,-0.013,4.783,185.605,16.701,12.183,15.6625
K2-264 c,K2-264,Transit,2018,M,3660.0,0.473,0.496,-0.013,4.783,185.605,16.701,12.183,15.6625
K2-265 b,K2-265,Transit,2018,G,5420.0,0.92,0.901,0.033,4.465,138.671,11.187,9.259,10.9277
K2-28 b,K2-28,Transit,2016,M,3214.0,0.288,0.257,0.26,4.93,62.9969,16.526,10.746,14.6799
K2-285 b,K2-285,Transit,2018,K,4975.0,0.787,0.83,0.0,4.4,154.961,12.075,9.971,11.804
K2-285 c,K2-285,Transit,2018,K,4975.0,0.787,0.83,0.0,4.4,154.961,12.075,9.971,11.804
K2-285 d,K2-285,Transit,2018,K,4975.0,0.787,0.83,0.0,4.4,154.961,12.075,9.971,11.804
K2-285 e,K2-285,Transit,2018,K,4975.0,0.787,0.83,0.0,4.4,154.961,12.075,9.971,11.804
K2-286 b,K2-286,Transit,2018,M,3926.0,0.62,0.64,0.0,4.7,76.1486,12.881,9.317,12.1652
K2-288 B b,K2-288 B,Transit,2018,M,3341.0,0.32,0.33,-0.21,4.96,65.6138,13.868,9.724,14.5451
K2-29 b,K2-29,Transit,2016,G,5358.0,0.86,0.94,0.16,4.54,178.475,12.532,10.062,12.2008
K2-292 b,K2-292,Transit,2019,G,5725.0,1.09,1.0,0.07,4.33,114.293,9.885,8.407,9.75597
K2-295 b,K2-295,Transit,2018,K,4444.0,0.7,0.74,0.14,4.63,232.801,13.8941,11.135,13.5184
K2-3 b,K2-3,Transit,2015,M,3844.0,0.546,0.549,-0.157,4.704,44.0727,12.168,8.561,11.4785
K2-3 c,K2-3,Transit,2015,M,3844.0,0.546,0.549,-0.157,4.704,44.0727,12.168,8.561,11.4785
K2-3 d,K2-3,Transit,2015,M,3844.0,0.546,0.549,-0.157,4.704,44.0727,12.168,8.561,11.4785
K2-30 b,K2-30,Transit,2016,G,5425.0,0.844,0.9,-0.15,4.54,333.042,13.547,11.088,13.2056
K2-31 b,K2-31,Transit,2016,G,5280.0,0.78,0.91,0.08,4.6,110.527,10.802,8.866,10.5371
K2-312 c,HD 80653,Radial Velocity,2023,G,5959.0,1.22,1.18,0.255,4.34,109.86,9.452,8.018,9.30733
K2-315 b,K2-315,Transit,2020,M,3300.0,0.196,0.174,-0.24,5.094,56.9686,17.67,11.838,15.6791
K2-32 b,K2-32,Transit,2016,G,5271.0,0.86,0.83,-0.06,4.49,157.682,12.304,9.821,12.0036
K2-32 c,K2-32,Transit,2016,G,5271.0,0.86,0.83,-0.06,4.49,157.682,12.304,9.821,12.0036
K2-32 d,K2-32,Transit,2016,G,5271.0,0.86,0.83,-0.06,4.49,157.682,12.304,9.821,12.0036
K2-32 e,K2-32,Transit,2019,G,5271.0,0.86,0.83,-0.06,4.49,157.682,12.304,9.821,12.0036
K2-34 b,K2-34,Transit,2016,F,6168.0,1.42,1.16,0.01,4.2,348.646,11.447,10.193,11.4357
K2-35 b,K2-35,Transit,2016,K,4402.71,0.619575,0.701968,0.04,4.697,252.596,14.166,11.423,13.9152
K2-35 c,K2-35,Transit,2016,K,4402.71,0.619575,0.701968,0.04,4.697,252.596,14.166,11.423,13.9152
K2-36 b,K2-36,Transit,2016,K,4916.0,0.718,0.79,-0.047,4.621,109.749,11.726,9.454001,11.527
K2-36 c,K2-36,Transit,2016,K,4916.0,0.718,0.79,-0.047,4.621,109.749,11.726,9.454001,11.527
K2-37 b,K2-37,Transit,2016,G,5352.0,0.809,0.84,-0.08,4.53,179.943,12.573,10.142,12.2573
K2-37 c,K2-37,Transit,2016,G,5352.0,0.809,0.84,-0.08,4.53,179.943,12.573,10.142,12.2573
K2-37 d,K2-37,Transit,2016,G,5352.0,0.809,0.84,-0.08,4.53,179.943,12.573,10.142,12.2573
K2-370 b,K2-370,Transit,2022,G,5662.0,0.945,0.962,0.08,4.48,144.202,11.109,9.237001,10.8824
K2-374 b,K2-374,Transit,2022,G,5789.0,0.907,0.731,-0.292,4.386,359.439,12.783,11.287,12.6473
K2-374 c,K2-374,Transit,2022,G,5789.0,0.907,0.731,-0.292,4.386,359.439,12.783,11.287,12.6473
K2-376 b,K2-376,Transit,2022,G,5937.0,1.149,0.908,-0.176,4.275,161.61,10.415,9.007,10.2998
K2-38 b,K2-38,Transit,2016,G,5731.0,1.06,1.03,0.26,4.38,192.69,11.344,9.47,11.184
K2-38 c,K2-38,Transit,2016,G,5731.0,1.06,1.03,0.26,4.38,192.69,11.344,9.47,11.184
K2-384 b,K2-384,Transit,2022,M,3623.0,0.348,0.33,0.068,4.874,82.6603,16.12,11.294,15.0276
K2-384 c,K2-384,Transit,2022,M,3623.0,0.348,0.33,0.068,4.874,82.6603,16.12,11.294,15.0276
K2-384 d,K2-384,Transit,2022,M,3623.0,0.348,0.33,0.068,4.874,82.6603,16.12,11.294,15.0276
K2-384 e,K2-384,Transit,2022,M,3623.0,0.348,0.33,0.068,4.874,82.6603,16.12,11.294,15.0276
K2-384 f,K2-384,Transit,2022,M,3623.0,0.348,0.33,0.068,4.874,82.6603,16.12,11.294,15.0276
K2-388 b,K2-388,Transit,2022,G,5310.0,0.91,0.93,0.24,4.42,290.495,12.861,10.931,12.6357
K2-389 b,K2-389,Transit,2022,G,5773.0,1.094,0.99,0.038,4.31,259.208,11.827,10.184,11.5697
K2-389 c,K2-389,Transit,2022,G,5782.0,1.084,0.802,-0.034,4.273,259.208,11.827,10.184,11.5697
K2-390 b,K2-390,Transit,2022,G,5558.0,0.966,0.789,-0.116,4.368,456.122,13.611,11.718,13.3434
K2-391 b,K2-391,Transit,2022,G,5543.0,0.566,0.757,-0.543,4.973,507.94,12.527,10.705,12.3302
K2-392 b,K2-392,Transit,2022,G,5726.0,1.058,0.841,-0.238,4.314,406.985,12.922,11.238,12.6795
K2-395 b,K2-395,Transit,2022,K,5007.0,0.783,0.952,-0.033,4.628,286.727,15.131,11.365,14.1559
K2-395 c,K2-395,Transit,2022,K,5007.0,0.783,0.952,-0.033,4.628,286.727,15.131,11.365,14.1559
K2-396 b,K2-396,Transit,2022,G,5236.0,0.92,0.954,0.237,4.488,274.864,13.32,10.811,12.9345
K2-396 c,K2-396,Transit,2022,G,5236.0,0.92,0.954,0.237,4.488,274.864,13.32,10.811,12.9345
K2-397 b,K2-397,Transit,2022,G,5387.0,0.966,0.937,0.11,4.435,199.354,11.865,9.95,11.6421
K2-398 b,K2-398,Transit,2022,G,5946.0,1.239,0.945,-0.257,4.227,606.992,13.287,11.717,13.0091
K2-398 c,K2-398,Transit,2022,G,5946.0,1.239,0.945,-0.257,4.227,606.992,13.287,11.717,13.0091
K2-400 b,K2-400,Transit,2022,M,3578.0,0.382,0.374,-0.051,4.847,62.3804,15.108,10.405,13.9899
K2-401 b,K2-401,Transit,2022,K,4213.0,0.675,0.87,-0.098,4.719,200.727,14.014,11.106,13.6941
K2-402 b,K2-402,Transit,2022,G,5716.0,1.28,0.944,-0.378,4.197,523.055,13.032,11.377,12.836
K2-403 b,K2-403,Transit,2022,G,5511.0,0.886,0.784,-0.162,4.439,246.599,12.305,10.581,12.152
K2-404 b,K2-404,Transit,2022,M,3748.0,0.552,0.552,0.005,4.695,121.63,14.622,10.75,13.8429
K2-405 b,K2-405,Transit,2022,K,4927.0,0.765,1.034,0.132,4.685,197.234,12.816,10.547,12.5911
K2-406 b,K2-406,Transit,2022,G,5784.0,0.961,0.798,-0.038,4.374,85.3751,9.465,8.033,9.49379
K2-407 b,K2-407,Transit,2022,G,5563.0,0.927,0.881,0.014,4.45,218.376,11.969,10.213,11.9956
K2-407 c,K2-407,Transit,2022,G,5563.0,0.927,0.881,0.014,4.45,218.376,11.969,10.213,11.9956
K2-408 b,K2-408,Transit,2022,G,5335.0,0.784,0.813,-0.171,4.559,162.306,12.056,9.978,11.7345
K2-409 b,K2-409,Transit,2022,G,5742.0,1.228,0.886,-0.036,4.204,431.031,12.902,11.038,12.6144
K2-415 b,K2-415,Transit,2023,M,3173.0,0.1965,0.1635,-0.13,5.066,21.8182,15.33,9.899,13.7957
K2-5 b,K2-5,Transit,2015,K,3930.0,0.57,0.61,-0.33,4.71,202.943,14.974,11.595,14.339
K2-5 c,K2-5,Transit,2015,K,3930.0,0.57,0.61,-0.33,4.71,202.943,14.974,11.595,14.339
K2-60 b,K2-60,Transit,2016,G,5500.0,1.12,0.97,0.01,4.07,491.87,12.857,10.993,12.6108
K2-79 b,K2-79,Transit,2016,G,5897.0,1.269,1.06,0.035,4.26,256.011,12.152,9.907,11.8031
K2-8 b,K2-8,Transit,2015,K,4870.0,0.74,0.78,-0.02,4.52,403.513,14.801,12.245,14.3358
K2-8 c,K2-8,Transit,2016,K,4870.0,0.74,0.78,-0.02,4.52,403.513,14.801,12.245,14.3358
K2-9 b,K2-9,Transit,2015,M,3390.0,0.31,0.3,-0.25,4.816,82.9631,15.86,11.495,14.8665
K2-95 b,K2-95,Transit,2016,M,3566.0,0.4,0.41,0.1,4.85,179.854,17.236,12.474,16.0836
K2-98 b,K2-98,Transit,2016,F,6260.0,1.518,1.246,-0.044,4.169,518.625,12.216,10.869,12.0398
K2-99 b,K2-99,Transit,2016,G,6069.0,2.55,1.44,0.2,3.783,519.229,11.149,9.72,10.9485
K2-99 c,K2-99,Radial Velocity,2022,G,6069.0,2.55,1.44,0.2,3.783,519.229,11.149,9.72,10.9485
KELT-10 b,KELT-10,Transit,2016,G,5948.0,1.209,1.112,0.09,4.319,188.404,10.617,9.338,10.7009
KELT-11 b,KELT-11,Transit,2017,G,5375.0,2.69,1.44,0.17,3.7,99.1596,8.04,6.122,7.83112
KELT-14 b,KELT-14,Transit,2016,G,5720.0,1.52,1.239,0.32,4.166,250.121,11.001,9.424,10.8384
KELT-16 b,KELT-16,Transit,2017,F,6236.0,1.36,1.211,-0.002,4.253,444.586,11.717,10.642,11.7959
KELT-17 b,KELT-17,Transit,2016,A,7454.0,1.645,1.635,-0.018,4.22,226.5,9.234,8.646,9.20887
KELT-18 b,KELT-18,Transit,2017,F,6670.0,1.908,1.524,0.09,4.0599,321.376,10.16,9.21,10.1036
KELT-19 A b,KELT-19 A,Transit,2017,A,7500.0,1.83,1.62,-0.12,4.127,300.276,9.857,9.196,9.86331
KELT-2 A b,KELT-2 A,Transit,2012,F,6327.0,1.93,1.54,0.0,4.5,134.058,8.68,7.346,8.58393
KELT-20 b,KELT-20,Transit,2017,A,8720.0,1.565,1.76,-0.29,4.29,136.426,7.59,7.415,7.57492
KELT-21 b,KELT-21,Transit,2018,A,7598.0,1.638,1.458,-0.405,4.173,470.878,10.484,10.09,10.5415
KELT-23 A b,KELT-23 A,Transit,2019,G,5899.0,0.996,0.944,-0.105,4.417,126.261,10.308,8.904,10.182
KELT-24 b,KELT-24,Transit,2019,F,6426.0,1.338,1.268,0.138,4.287,96.5173,8.34,7.154,8.23752
KELT-4 A b,KELT-4 A,Transit,2016,F,6206.0,1.603,1.201,-0.116,4.108,218.05,9.98,8.689,9.95702
KELT-6 b,KELT-6,Transit,2014,F,6102.0,1.73,1.42,-0.28,4.07,240.726,10.371,9.083,10.1934
KELT-6 c,KELT-6,Radial Velocity,2015,F,6272.0,1.529,1.126,-0.27,4.12,240.726,10.371,9.083,10.1934
KELT-7 b,KELT-7,Transit,2015,F,6768.0,1.81,1.76,0.0,4.5,136.681,8.56,7.543,8.45173
KELT-8 b,KELT-8,Transit,2015,G,5754.0,1.46,0.81,0.27,4.08,197.572,10.845,9.177,10.6699
KELT-9 b,KELT-9,Transit,2017,B,10170.0,2.362,2.52,-0.03,4.093,204.455,7.55,7.482,7.57675
KIC 7917485 b,KIC 7917485,Pulsation Timing Variations,2016,A,7067.0,2.009938,1.63,-0.02,4.0,1382.89,13.166,12.111,13.1092
KOBE-1 b,KOBE-1,Radial Velocity,2025,K,4135.0,0.619,0.629,-0.01,5.07,23.9718,10.1,6.656,9.47126
KOBE-1 c,KOBE-1,Radial Velocity,2025,K,4135.0,0.619,0.629,-0.01,5.07,23.9718,10.1,6.656,9.47126
KOI-1257 b,KOI-1257,Transit,2014,G,5520.0,1.13,0.99,0.27,4.32,656.0,14.818,12.726,14.6419
KOI-134 b,KOI-134,Transit,2025,F,6160.0,1.667,1.407,0.427,4.11,1159.21,13.773,12.322,13.6323
KOI-134 c,KOI-134,Transit Timing Variations,2025,F,6160.0,1.667,1.407,0.427,4.11,1159.21,13.773,12.322,13.6323
KOI-142 b,KOI-142,Transit,2013,G,5466.0,0.897,0.99,0.27,4.528,376.863,13.209,11.454,13.1048
KOI-142 c,KOI-142,Transit Timing Variations,2013,G,5466.0,0.897,0.99,0.27,4.528,376.863,13.209,11.454,13.1048
KOI-4978 b,KOI-4978,Transit,2024,G,5050.28,0.966,0.859,0.18,4.402,936.341,15.633,13.507,15.2477
KOI-55 b,KOI-55,Orbital Brightness Modulation,2011,B,27730.0,0.203,0.496,-0.106,5.52,1231.02,15.154,15.495,14.9062
KOI-55 c,KOI-55,Orbital Brightness Modulation,2011,B,27730.0,0.203,0.496,-0.106,5.52,1231.02,15.154,15.495,14.9062
KOI-7913 b,KOI-7913 A,Transit,2022,K,4324.0,0.788,0.76,-0.06,4.523,271.277,14.23,11.212,14.2239
KPS-1 b,KPS-1,Transit,2018,K,5165.0,0.907,0.892,0.22,4.47,262.706,12.97,10.931,12.7933
Kapteyn c,Kapteyn,Radial Velocity,2014,M,3550.0,0.291,0.281,-0.89,4.92351,3.93305,8.86,5.049,8.06198
Kepler-101 b,Kepler-101,Transit,2014,G,5667.0,1.56,1.17,0.33,4.12,927.981,13.7,12.011,13.5672
Kepler-101 c,Kepler-101,Transit,2014,G,5667.0,1.56,1.17,0.33,4.12,927.981,13.7,12.011,13.5672
Kepler-103 b,Kepler-103,Transit,2014,G,6047.0,1.492,1.212,0.15,4.17,494.832,11.883,10.873,12.2466
Kepler-103 c,Kepler-103,Transit,2014,G,6047.0,1.492,1.212,0.15,4.17,494.832,11.883,10.873,12.2466
Kepler-114 b,Kepler-114,Transit,2014,M,4605.0,0.667,0.77,0.2291,4.65,259.533,13.961,11.366,13.7125
Kepler-114 c,Kepler-114,Transit,2013,M,4660.0,0.54,0.56,0.2291,4.72,259.533,13.961,11.366,13.7125
Kepler-114 d,Kepler-114,Transit,2013,M,4660.0,0.54,0.56,0.2291,4.72,259.533,13.961,11.366,13.7125
Kepler-117 b,Kepler-117,Transit,2014,F,6150.0,1.606,1.129,-0.04,4.102,1455.57,14.282,13.011,14.2472
Kepler-117 c,Kepler-117,Transit,2014,F,6150.0,1.606,1.129,-0.04,4.102,1455.57,14.282,13.011,14.2472
Kepler-120 b,Kepler-120,Transit,2014,M,4096.0,0.534,0.654,-0.12,4.732,388.63,14.995,12.307,14.7188
Kepler-120 c,Kepler-120,Transit,2014,M,4096.0,0.534,0.654,-0.12,4.732,388.63,14.995,12.307,14.7188
Kepler-125 b,Kepler-125,Transit,2014,M,3810.0,0.512,0.542101,-0.14,4.744,183.365,15.431,11.682,14.7675
Kepler-125 c,Kepler-125,Transit,2014,M,3810.0,0.512,0.542101,-0.14,4.744,183.365,15.431,11.682,14.7675
Kepler-129 b,Kepler-129,Transit,2014,G,5770.0,1.653,1.178,0.29,4.08,408.845,11.809,10.252,11.6437
Kepler-129 c,Kepler-129,Transit,2014,G,5770.0,1.653,1.178,0.29,4.08,408.845,11.809,10.252,11.6437
Kepler-129 d,Kepler-129,Radial Velocity,2021,G,5770.0,1.653,1.178,0.29,4.08,408.845,11.809,10.252,11.6437
Kepler-138 b,Kepler-138,Transit,2014,M,3841.0,0.535,0.535,-0.18,4.71,66.8624,13.04,9.506,12.4715
Kepler-138 c,Kepler-138,Transit,2014,M,3841.0,0.535,0.535,-0.18,4.71,66.8624,13.04,9.506,12.4715
Kepler-138 d,Kepler-138,Transit,2014,M,3841.0,0.535,0.535,-0.18,4.71,66.8624,13.04,9.506,12.4715
Kepler-138 e,Kepler-138,Transit Timing Variations,2022,M,3841.0,0.535,0.535,-0.18,4.71,66.8624,13.04,9.506,12.4715
Kepler-1489 b,Kepler-1489,Transit,2016,G,5655.0,0.9,0.93,-0.13,4.51,1283.05,14.983,13.247,14.8084
Kepler-1489 c,Kepler-1489,Transit,2024,G,5565.53,0.957,0.977,0.14,4.51,1283.05,14.983,13.247,14.8084
Kepler-1513 b,Kepler-1513,Transit,2016,G,5491.0,0.95,0.943,0.17,4.46,349.247,13.071,11.309,12.9559
Kepler-1513 c,Kepler-1513,Transit Timing Variations,2023,G,5491.0,0.95,0.943,0.17,4.46,349.247,13.071,11.309,12.9559
Kepler-155 b,Kepler-155,Transit,2014,M,4508.0,0.62,0.635,-0.142,4.684,293.499,14.654,11.805,14.24
Kepler-155 c,Kepler-155,Transit,2014,M,4508.0,0.62,0.635,-0.142,4.684,293.499,14.654,11.805,14.24
Kepler-158 b,Kepler-158,Transit,2014,K,4623.0,0.624,0.655,-0.3,4.66,315.177,14.743,12.057,14.4165
Kepler-158 c,Kepler-158,Transit,2014,K,4623.0,0.624,0.655,-0.3,4.66,315.177,14.743,12.057,14.4165
Kepler-158 d,Kepler-158,Transit,2024,K,4895.97,0.668,0.656,-0.3,4.62,315.177,14.743,12.057,14.4165
Kepler-159 b,Kepler-159,Transit,2014,M,4625.0,0.663,0.628,-0.04,4.653,373.744,15.386,12.357,14.8882
Kepler-159 c,Kepler-159,Transit,2014,M,4625.0,0.663,0.628,-0.04,4.653,373.744,15.386,12.357,14.8882
Kepler-1624 b,Kepler-1624,Transit,2016,M,3768.0,0.552,0.541,0.269,4.685,258.979,16.597,12.312,15.6681
Kepler-1654 b,Kepler-1654,Transit,2018,G,5597.0,1.179,1.011,-0.088,4.3001,568.117,13.497,11.922,13.4057
Kepler-1655 b,Kepler-1655,Transit,2018,G,6148.0,1.03,1.03,-0.24,4.416,213.26,11.045,9.785,11.0141
Kepler-1660 AB b,Kepler-1660 A,Eclipse Timing Variations,2023,F,6305.24,1.491,1.1366,-0.36,4.32,1188.54,13.595,12.215,13.4394
Kepler-1661 b,Kepler-1661,Transit,2020,K,5100.0,0.762,0.841,-0.12,4.66,410.607,14.357,12.162,14.1933
Kepler-167 b,Kepler-167,Transit,2014,K,4884.0,0.749,0.777,0.02,4.579,341.908,14.284,11.832,14.0004
Kepler-167 c,Kepler-167,Transit,2014,K,4884.0,0.749,0.777,0.02,4.579,341.908,14.284,11.832,14.0004
Kepler-167 d,Kepler-167,Transit,2016,K,4884.0,0.749,0.777,0.02,4.579,341.908,14.284,11.832,14.0004
Kepler-167 e,Kepler-167,Transit,2016,K,4884.0,0.749,0.777,0.02,4.579,341.908,14.284,11.832,14.0004
Kepler-17 b,Kepler-17,Transit,2011,G,5781.0,1.01034,1.04,0.26,4.44616,720.753,14.314,12.585,14.1311
Kepler-186 b,Kepler-186,Transit,2014,M,3788.0,0.472,0.478,-0.28,4.77,177.594,15.138,11.605,14.5994
Kepler-186 c,Kepler-186,Transit,2014,M,3788.0,0.472,0.478,-0.28,4.77,177.594,15.138,11.605,14.5994
Kepler-186 d,Kepler-186,Transit,2014,M,3788.0,0.472,0.478,-0.28,4.77,177.594,15.138,11.605,14.5994
Kepler-186 e,Kepler-186,Transit,2014,M,3788.0,0.472,0.478,-0.28,4.77,177.594,15.138,11.605,14.5994
Kepler-186 f,Kepler-186,Transit,2014,M,3755.0,0.523,0.544,-0.26,4.736,177.594,15.138,11.605,14.5994
Kepler-205 b,Kepler-205,Transit,2014,M,4321.0,0.546,0.592,-0.1254,4.735,159.72,13.779,10.833,13.4947
Kepler-205 c,Kepler-205,Transit,2014,M,4321.0,0.546,0.592,-0.1254,4.735,159.72,13.779,10.833,13.4947
Kepler-21 b,Kepler-21,Transit,2012,F,6305.0,1.902,1.408,-0.03,4.026,108.522,8.25,6.945,8.12832
Kepler-210 b,Kepler-210,Transit,2014,M,4559.0,0.65,0.77,0.2772,4.663,232.75,14.126,11.313,13.8043
Kepler-210 c,Kepler-210,Transit,2014,M,4559.0,0.65,0.77,0.2772,4.663,232.75,14.126,11.313,13.8043
Kepler-22 b,Kepler-22,Transit,2011,G,5596.0,0.869,0.857,-0.255,4.443,194.642,11.751,10.152,11.6444
Kepler-225 b,Kepler-225,Transit,2014,M,3682.0,0.48,0.593,-0.04,4.783,561.101,16.294,13.253,15.9504
Kepler-225 c,Kepler-225,Transit,2014,M,3682.0,0.48,0.593,-0.04,4.783,561.101,16.294,13.253,15.9504
Kepler-231 b,Kepler-231,Transit,2014,M,3767.0,0.49,0.58,-0.1,4.779,316.618,15.813,12.589,15.3896
Kepler-231 c,Kepler-231,Transit,2014,M,3767.0,0.49,0.58,-0.1,4.779,316.618,15.813,12.589,15.3896
Kepler-235 b,Kepler-235,Transit,2014,M,4255.0,0.554,0.581,-0.51,4.73,428.018,16.567,13.116,15.9695
Kepler-235 c,Kepler-235,Transit,2014,M,4255.0,0.554,0.581,-0.51,4.73,428.018,16.567,13.116,15.9695
Kepler-235 d,Kepler-235,Transit,2014,M,4255.0,0.554,0.581,-0.51,4.73,428.018,16.567,13.116,15.9695
Kepler-235 e,Kepler-235,Transit,2014,M,4255.0,0.554,0.581,-0.51,4.73,428.018,16.567,13.116,15.9695
Kepler-236 b,Kepler-236,Transit,2014,M,3750.0,0.51,0.596005,-0.05,4.753,288.763,16.014,12.312,15.3743
Kepler-236 c,Kepler-236,Transit,2014,M,3750.0,0.51,0.596005,-0.05,4.753,288.763,16.014,12.312,15.3743
Kepler-249 b,Kepler-249,Transit,2014,M,3568.0,0.482,0.510238,-0.34,4.777,190.401,16.37,11.966,15.2305
Kepler-249 c,Kepler-249,Transit,2014,M,3568.0,0.482,0.510238,-0.34,4.777,190.401,16.37,11.966,15.2305
Kepler-249 d,Kepler-249,Transit,2014,M,3568.0,0.482,0.510238,-0.34,4.777,190.401,16.37,11.966,15.2305
Kepler-25 b,Kepler-25,Transit,2011,F,6354.0,1.316,1.165,0.11,4.285,243.249,10.769,9.493,10.6319
Kepler-25 c,Kepler-25,Transit,2011,F,6354.0,1.316,1.165,0.11,4.285,243.249,10.769,9.493,10.6319
Kepler-25 d,Kepler-25,Radial Velocity,2014,F,6354.0,1.316,1.165,0.11,4.285,243.249,10.769,9.493,10.6319
Kepler-252 b,Kepler-252,Transit,2014,M,4208.0,0.549,0.61,-0.13,4.721,379.424,15.406,12.466,15.0293
Kepler-252 c,Kepler-252,Transit,2014,M,4208.0,0.549,0.61,-0.13,4.721,379.424,15.406,12.466,15.0293
Kepler-26 b,Kepler-26,Transit,2011,M,3914.0,0.512,0.544,-0.13,4.68,335.307,15.853,12.63,15.4089
Kepler-26 c,Kepler-26,Transit,2011,M,3914.0,0.512,0.544,-0.13,4.68,335.307,15.853,12.63,15.4089
Kepler-26 d,Kepler-26,Transit,2014,M,4486.0,0.571,0.593,-0.21,4.733,335.307,15.853,12.63,15.4089
Kepler-26 e,Kepler-26,Transit,2014,M,4486.0,0.571,0.593,-0.21,4.733,335.307,15.853,12.63,15.4089
Kepler-267 b,Kepler-267,Transit,2014,M,4258.0,0.555,0.541571,-0.18,4.729,264.993,16.69,12.485,15.4693
Kepler-267 c,Kepler-267,Transit,2014,M,4258.0,0.555,0.541571,-0.18,4.729,264.993,16.69,12.485,15.4693
Kepler-267 d,Kepler-267,Transit,2014,M,4258.0,0.555,0.541571,-0.18,4.729,264.993,16.69,12.485,15.4693
Kepler-278 b,Kepler-278,Transit,2014,K,4965.0,2.861,1.227,0.22,3.58,443.03,11.811,9.465,11.5296
Kepler-278 c,Kepler-278,Transit,2014,K,4965.0,2.861,1.227,0.22,3.58,443.03,11.811,9.465,11.5296
Kepler-28 b,Kepler-28,Transit,2011,M,4499.3,0.664,0.684,0.1451,4.62,438.359,15.13,12.719,15.0257
Kepler-28 c,Kepler-28,Transit,2011,M,4499.3,0.664,0.684,0.1451,4.62,438.359,15.13,12.719,15.0257
Kepler-287 b,Kepler-287,Transit,2014,K,5806.0,1.032,0.963,0.117,4.402,835.86,14.952,13.135,14.7442
Kepler-287 c,Kepler-287,Transit,2014,K,5806.0,1.032,0.963,0.117,4.402,835.86,14.952,13.135,14.7442
Kepler-296 b,Kepler-296,Transit,2014,M,3740.0,0.48,0.498,-0.08,4.774,167.0,16.363,12.6,15.9015
Kepler-296 c,Kepler-296,Transit,2014,M,3740.0,0.48,0.498,-0.08,4.774,167.0,16.363,12.6,15.9015
Kepler-296 d,Kepler-296,Transit,2014,M,3740.0,0.48,0.498,-0.08,4.774,167.0,16.363,12.6,15.9015
Kepler-296 e,Kepler-296,Transit,2014,M,3740.0,0.48,0.498,-0.08,4.774,167.0,16.363,12.6,15.9015
Kepler-296 f,Kepler-296,Transit,2014,M,3740.0,0.48,0.498,-0.08,4.774,167.0,16.363,12.6,15.9015
Kepler-303 b,Kepler-303,Transit,2014,M,3944.0,0.485,0.575,-0.4136,4.768,209.738,14.917,11.596,14.396
Kepler-303 c,Kepler-303,Transit,2014,M,3944.0,0.485,0.575,-0.4136,4.768,209.738,14.917,11.596,14.396
Kepler-309 b,Kepler-309,Transit,2014,M,4713.0,0.721,0.816,0.27,4.612,544.568,15.418,12.852,15.1261
Kepler-309 c,Kepler-309,Transit,2014,M,4713.0,0.721,0.816,0.27,4.612,544.568,15.418,12.852,15.1261
Kepler-32 b,Kepler-32,Transit,2011,M,3900.0,0.53,0.58,0.0,4.64,323.847,16.36,12.757,15.8123
Kepler-32 c,Kepler-32,Transit,2011,M,3900.0,0.53,0.58,0.0,4.64,323.847,16.36,12.757,15.8123
Kepler-32 d,Kepler-32,Transit,2012,M,3900.0,0.53,0.58,0.0,4.64,323.847,16.36,12.757,15.8123
Kepler-32 e,Kepler-32,Transit,2012,M,3900.0,0.53,0.58,0.0,4.64,323.847,16.36,12.757,15.8123
Kepler-32 f,Kepler-32,Transit,2012,M,3900.0,0.53,0.58,0.0,4.64,323.847,16.36,12.757,15.8123
Kepler-38 b,Kepler-38,Transit,2012,G,5623.0,1.752,0.941,-0.11,3.926,1174.59,14.015,12.342,13.9066
Kepler-39 b,Kepler-39,Transit,2011,F,6350.0,1.4,1.29,0.1,4.4,1057.41,14.355,12.918,14.2622
Kepler-391 b,Kepler-391,Transit,2014,K,5038.0,2.879,1.27,0.04,3.62,869.236,13.177,10.97,12.984
Kepler-391 c,Kepler-391,Transit,2014,K,5038.0,2.879,1.27,0.04,3.62,869.236,13.177,10.97,12.984
Kepler-40 b,Kepler-40,Transit,2010,F,6510.0,2.13,1.48,0.1,3.94,2305.01,14.657,13.27,14.5591
Kepler-407 b,Kepler-407,Transit,2014,G,5487.0,1.04,0.99,0.35,4.3,338.368,12.603,10.911,12.5074
Kepler-407 c,Kepler-407,Radial Velocity,2014,G,5476.0,1.01,1.0,0.33,4.426,338.368,12.603,10.911,12.5074
Kepler-41 b,Kepler-41,Transit,2011,G,5750.0,1.29,1.15,0.38,4.278,1093.08,14.509,12.892,14.413
Kepler-411 b,Kepler-411,Transit,2013,K,4974.0,0.82,0.87,0.21,4.6,153.676,12.448,10.062,12.2327
Kepler-411 c,Kepler-411,Transit,2016,K,4974.0,0.82,0.87,0.21,4.6,153.676,12.448,10.062,12.2327
Kepler-411 d,Kepler-411,Transit,2018,K,4974.0,0.82,0.87,0.21,4.6,153.676,12.448,10.062,12.2327
Kepler-411 e,Kepler-411,Transit Timing Variations,2018,K,4974.0,0.82,0.87,0.21,4.6,153.676,12.448,10.062,12.2327
Kepler-412 b,Kepler-412,Transit,2014,G,5750.0,1.287,1.167,0.27,4.3,1086.24,14.399,12.837,14.2486
Kepler-42 b,Kepler-42,Transit,2011,M,3068.0,0.17,0.13,-0.33,5.11,40.0595,16.7,11.465,14.9931
Kepler-42 c,Kepler-42,Transit,2011,M,3068.0,0.17,0.13,-0.33,5.11,40.0595,16.7,11.465,14.9931
Kepler-42 d,Kepler-42,Transit,2011,M,3068.0,0.17,0.13,-0.33,5.11,40.0595,16.7,11.465,14.9931
Kepler-421 b,Kepler-421,Transit,2014,G,5308.0,0.757,0.794,-0.25,4.61,348.558,13.611,11.535,13.3477
Kepler-423 b,Kepler-423,Transit,2014,G,5560.0,0.95,0.85,-0.1,4.41,758.753,14.462,12.779,14.28
Kepler-425 b,Kepler-425,Transit,2014,K,5170.0,0.86,0.93,0.24,4.535,646.647,14.845,12.806,14.7301
Kepler-426 b,Kepler-426,Transit,2014,G,5725.0,0.92,0.91,-0.21,4.471,843.695,15.032,13.212,14.8069
Kepler-427 b,Kepler-427,Transit,2014,G,5800.0,1.35,0.96,-0.19,4.14,1017.8,14.301,12.777,14.1964
Kepler-428 b,Kepler-428,Transit,2014,K,5150.0,0.8,0.87,0.09,4.571,686.284,15.362,13.234,15.2218
Kepler-43 b,Kepler-43,Transit,2011,F,6041.0,1.42,1.32,0.33,4.26,1005.84,13.986,12.549,13.8894
Kepler-44 b,Kepler-44,Transit,2011,G,5800.0,1.35,1.12,0.15,4.22,1188.0,14.803,12.878,14.6901
Kepler-444 b,Kepler-444,Transit,2015,K,5046.0,0.752,0.758,-0.55,4.5625,36.4396,8.87,6.703,8.643251
Kepler-444 c,Kepler-444,Transit,2015,K,5046.0,0.752,0.758,-0.55,4.5625,36.4396,8.87,6.703,8.643251
Kepler-444 d,Kepler-444,Transit,2015,K,5046.0,0.752,0.758,-0.55,4.5625,36.4396,8.87,6.703,8.643251
Kepler-444 e,Kepler-444,Transit,2015,K,5046.0,0.752,0.758,-0.55,4.5625,36.4396,8.87,6.703,8.643251
Kepler-444 f,Kepler-444,Transit,2015,K,5046.0,0.752,0.758,-0.55,4.5625,36.4396,8.87,6.703,8.643251
Kepler-445 b,Kepler-445,Transit,2015,M,3157.0,0.21,0.18,0.27,4.92504,127.201,18.19,12.61,16.7157
Kepler-445 c,Kepler-445,Transit,2015,M,3157.0,0.21,0.18,0.27,4.92504,127.201,18.19,12.61,16.7157
Kepler-445 d,Kepler-445,Transit,2015,M,3157.0,0.21,0.18,0.27,4.92504,127.201,18.19,12.61,16.7157
Kepler-446 b,Kepler-446,Transit,2015,M,3359.0,0.24,0.22,-0.3,5.03245,96.339,17.5041,12.827,16.3101
Kepler-446 c,Kepler-446,Transit,2015,M,3359.0,0.24,0.22,-0.3,5.03245,96.339,17.5041,12.827,16.3101
Kepler-446 d,Kepler-446,Transit,2015,M,3359.0,0.24,0.22,-0.3,5.03245,96.339,17.5041,12.827,16.3101
Kepler-447 b,Kepler-447,Transit,2015,G,5493.0,1.05,1.0,0.07,4.4,268.041,12.52,10.806,12.3795
Kepler-45 b,Kepler-45,Transit,2011,M,3820.0,0.55,0.59,0.28,4.7,381.949,16.744,12.892,15.9804
Kepler-452 b,Kepler-452,Transit,2015,G,5757.0,1.11,1.037,0.21,4.32,551.727,13.54,11.852,13.4048
Kepler-49 b,Kepler-49,Transit,2012,M,4095.6,0.618,0.607,0.03,4.68,311.222,15.655,12.383,15.2293
Kepler-49 c,Kepler-49,Transit,2012,M,4095.6,0.618,0.607,0.03,4.68,311.222,15.655,12.383,15.2293
Kepler-49 d,Kepler-49,Transit,2014,M,4252.0,0.559,0.549,0.03,4.727,311.222,15.655,12.383,15.2293
Kepler-49 e,Kepler-49,Transit,2014,M,4252.0,0.559,0.549,0.03,4.727,311.222,15.655,12.383,15.2293
Kepler-52 b,Kepler-52,Transit,2012,M,4075.0,0.52,0.54,0.0,4.74,321.542,15.513,12.36,15.0589
Kepler-52 c,Kepler-52,Transit,2012,M,4075.0,0.52,0.54,0.0,4.74,321.542,15.513,12.36,15.0589
Kepler-52 d,Kepler-52,Transit,2014,M,4263.0,0.556,0.577,0.0,4.729,321.542,15.513,12.36,15.0589
Kepler-539 b,Kepler-539,Transit,2016,G,5820.0,0.952,1.048,-0.01,4.502,307.318,12.444,10.915,12.379
Kepler-539 c,Kepler-539,Transit Timing Variations,2016,G,5820.0,0.952,1.048,-0.01,4.502,307.318,12.444,10.915,12.379
Kepler-54 b,Kepler-54,Transit,2012,M,3705.0,0.5,0.51,-0.27,4.75,271.701,16.282,12.648,15.8133
Kepler-54 c,Kepler-54,Transit,2012,M,3705.0,0.5,0.51,-0.27,4.75,271.701,16.282,12.648,15.8133
Kepler-54 d,Kepler-54,Transit,2014,M,4252.0,0.554,0.518,-0.27,4.73,271.701,16.282,12.648,15.8133
Kepler-61 b,Kepler-61,Transit,2013,K,4017.0,0.62,0.635,0.03,4.67,335.079,15.277,12.272,15.0426
Kepler-617 b,Kepler-617,Transit,2016,M,3712.0,0.48,0.51,-0.07,4.77,173.354,15.549,11.573,14.8277
Kepler-62 b,Kepler-62,Transit,2013,K,4925.0,0.64,0.69,-0.37,4.68,300.874,13.965,11.659,13.7197
Kepler-62 c,Kepler-62,Transit,2013,K,4925.0,0.64,0.69,-0.37,4.68,300.874,13.965,11.659,13.7197
Kepler-62 d,Kepler-62,Transit,2013,K,4925.0,0.64,0.69,-0.37,4.68,300.874,13.965,11.659,13.7197
Kepler-62 e,Kepler-62,Transit,2013,K,4925.0,0.64,0.69,-0.37,4.68,300.874,13.965,11.659,13.7197
Kepler-62 f,Kepler-62,Transit,2013,K,4925.0,0.64,0.69,-0.37,4.68,300.874,13.965,11.659,13.7197
Kepler-63 b,Kepler-63,Transit,2013,G,5576.0,0.901,0.984,0.05,4.52,194.033,12.02,9.997,11.5352
Kepler-66 b,Kepler-66,Transit,2013,G,5962.0,0.966,1.038,-0.2,4.484,1202.96,15.29,13.621,15.1474
Kepler-67 b,Kepler-67,Transit,2013,G,5331.0,0.778,0.865,-0.2,4.594,1131.19,16.172,14.155,16.1723
Kepler-69 b,Kepler-69,Transit,2013,G,5638.0,0.93,0.81,-0.29,4.4,730.625,13.866,12.234,13.712
Kepler-69 c,Kepler-69,Transit,2013,G,5638.0,0.93,0.81,-0.29,4.4,730.625,13.866,12.234,13.712
Kepler-74 b,Kepler-74,Transit,2013,F,6000.0,1.12,1.18,0.42,4.44,1177.55,14.487,12.958,14.3652
Kepler-75 b,Kepler-75,Transit,2013,K,5200.0,0.89,0.91,0.3,4.5,835.356,15.414,13.118,15.1789
Kepler-76 b,Kepler-76,Orbital Brightness Modulation,2013,F,6409.0,1.32,1.2,-0.1,4.2,822.96,13.474,12.092,13.2755
Kepler-77 b,Kepler-77,Transit,2013,G,5520.0,0.99,0.95,0.2,4.42,639.411,14.152,12.361,13.9172
Kepler-78 b,Kepler-78,Transit,2013,G,5058.0,0.7475,0.779,-0.18,4.61,124.376,11.717,9.586,11.5287
Kepler-80 b,Kepler-80,Transit,2012,K,4540.0,0.678,0.73,0.04,4.639,369.451,15.23,12.253,14.7555
Kepler-80 c,Kepler-80,Transit,2012,K,4540.0,0.678,0.73,0.04,4.639,369.451,15.23,12.253,14.7555
Kepler-80 d,Kepler-80,Transit,2014,K,4540.0,0.678,0.73,0.04,4.639,369.451,15.23,12.253,14.7555
Kepler-80 e,Kepler-80,Transit,2014,K,4540.0,0.678,0.73,0.04,4.639,369.451,15.23,12.253,14.7555
Kepler-80 f,Kepler-80,Transit,2016,K,4540.0,0.678,0.73,0.04,4.639,369.451,15.23,12.253,14.7555
Kepler-80 g,Kepler-80,Transit,2017,K,4540.0,0.678,0.83,0.04,4.639,369.451,15.23,12.253,14.7555
Kepler-81 b,Kepler-81,Transit,2012,M,4385.0,0.59,0.64,-0.18,4.7,348.291,15.258,12.392,15.004
Kepler-81 c,Kepler-81,Transit,2012,M,4385.0,0.59,0.64,-0.18,4.7,348.291,15.258,12.392,15.004
Kepler-81 d,Kepler-81,Transit,2014,M,4500.0,0.595,0.648,-0.18,4.696,348.291,15.258,12.392,15.004
Kepler-83 b,Kepler-83,Transit,2012,M,4082.0,0.61,0.66,-0.2,4.69,400.409,16.145,12.947,15.7832
Kepler-83 c,Kepler-83,Transit,2012,M,4082.0,0.61,0.66,-0.2,4.69,400.409,16.145,12.947,15.7832
Kepler-83 d,Kepler-83,Transit,2014,M,4648.0,0.594,0.58,-0.2,4.718,400.409,16.145,12.947,15.7832
Kepler-879 b,Kepler-879,Transit,2016,G,5792.0,1.02,1.02,0.05,4.42,802.672,14.429,12.681,14.2377
Kepler-879 c,Kepler-879,Transit,2024,G,5456.75,1.022,0.974,0.05,4.42,802.672,14.429,12.681,14.2377
Kepler-88 d,KOI-142,Radial Velocity,2020,G,5466.0,0.897,0.99,0.27,4.528,376.863,13.209,11.454,13.1048
Kepler-91 b,Kepler-91,Transit,2013,K,4550.0,6.3,1.31,0.11,2.953,1294.69,12.712,10.136,12.4762
Kepler-94 b,Kepler-94,Transit,2014,M,4781.0,0.76,0.81,0.34,4.59,191.904,13.071,10.594,12.8567
Kepler-94 c,Kepler-94,Radial Velocity,2014,M,4781.0,0.76,0.81,0.34,4.59,191.904,13.071,10.594,12.8567
Kepler-963 b,Kepler-963,Transit,2016,G,5461.0,0.87,0.91,-0.02,4.52,771.494,15.091,13.158,14.9116
Kepler-963 c,Kepler-963,Transit,2024,G,5169.47,0.928,0.821,-0.02,4.52,771.494,15.091,13.158,14.9116
L 168-9 b,L 168-9,Transit,2020,M,3842.0,0.604,0.614,-0.03,4.84,25.1496,11.005,7.082,10.2316
L 98-59 b,L 98-59,Transit,2019,M,3415.0,0.3155,0.2923,-0.46,4.91,10.6194,11.685,7.101,10.5976
L 98-59 c,L 98-59,Transit,2019,M,3415.0,0.3155,0.2923,-0.46,4.91,10.6194,11.685,7.101,10.5976
L 98-59 d,L 98-59,Transit,2019,M,3415.0,0.3155,0.2923,-0.46,4.91,10.6194,11.685,7.101,10.5976
L 98-59 e,L 98-59,Radial Velocity,2021,M,3415.0,0.3155,0.2923,-0.46,4.91,10.6194,11.685,7.101,10.5976
L 98-59 f,L 98-59,Radial Velocity,2025,M,3415.0,0.3155,0.2923,-0.46,4.91,10.6194,11.685,7.101,10.5976
LHS 1140 b,LHS 1140,Transit,2017,M,3096.0,0.2159,0.1844,-0.15,5.041,14.9861,14.15,8.821,12.6706
LHS 1140 c,LHS 1140,Transit,2018,M,3096.0,0.2159,0.1844,-0.15,5.041,14.9861,14.15,8.821,12.6706
LHS 1815 b,LHS 1815,Transit,2020,M,3643.0,0.501,0.502,-0.12,4.77,29.8424,12.167,7.993,11.2362
LHS 1903 b,LHS 1903,Transit,2026,M,3664.0,0.539,0.538,-0.11,4.75,35.6917,12.23,8.212,11.3944
LHS 1903 c,LHS 1903,Transit,2026,M,3664.0,0.539,0.538,-0.11,4.75,35.6917,12.23,8.212,11.3944
LHS 1903 d,LHS 1903,Transit,2026,M,3664.0,0.539,0.538,-0.11,4.75,35.6917,12.23,8.212,11.3944
LHS 1903 e,LHS 1903,Transit,2026,M,3664.0,0.539,0.538,-0.11,4.75,35.6917,12.23,8.212,11.3944
LHS 3844 b,LHS 3844,Transit,2019,M,3080.0,0.189,0.151,0.22,5.07,14.8846,15.24,9.145001,13.3925
LP 714-47 b,LP 714-47,Transit,2020,M,3950.0,0.584,0.59,0.41,4.64,52.616,12.492,8.626,11.7282
LP 791-18 b,LP 791-18,Transit,2019,M,2960.0,0.182,0.139,-0.09,5.115,26.4927,16.91,10.644,15.0715
LP 791-18 c,LP 791-18,Transit,2019,M,2960.0,0.182,0.139,-0.09,5.115,26.4927,16.91,10.644,15.0715
LP 791-18 d,LP 791-18,Transit,2023,M,2960.0,0.182,0.139,-0.09,5.115,26.4927,16.91,10.644,15.0715
LP 890-9 b,LP 890-9,Transit,2022,M,2850.0,0.1556,0.118,-0.028,5.126,32.4298,18.0,11.344,15.8213
LP 890-9 c,LP 890-9,Transit,2022,M,2850.0,0.1556,0.118,-0.028,5.126,32.4298,18.0,11.344,15.8213
LSPM J2116+0234 b,LSPM J2116+0234,Radial Velocity,2019,M,3475.0,0.431,0.43,-0.05,4.95,17.6297,11.961,7.324,10.8595
LTT 1445 A b,LTT 1445 A,Transit,2019,M,3562.0,0.271,0.257,-0.34,4.97389,6.86929,10.59,6.496,10.0469
LTT 1445 A c,LTT 1445 A,Transit,2022,M,3340.0,0.265,0.257,-0.34,4.97389,6.86929,10.59,6.496,10.0469
LTT 3780 b,LTT 3780,Transit,2020,M,3358.0,0.38,0.381,0.06,4.85,21.9814,13.14,8.204001,11.8465
LTT 3780 c,LTT 3780,Transit,2020,M,3358.0,0.38,0.381,0.06,4.85,21.9814,13.14,8.204001,11.8465
LTT 9779 b,LTT 9779,Transit,2020,G,5443.0,0.949,1.02,0.27,4.35,80.4373,9.79,8.016,9.60006
MASCARA-1 b,MASCARA-1,Transit,2017,A,7490.0,2.082,1.9,0.15,4.105,182.273,8.28,7.74,8.24243
MASCARA-4 b,MASCARA-4,Transit,2020,A,7800.0,1.79,1.75,0.0,4.1,170.696,8.191,7.75,8.17401
NGC 2682 Sand 1429 b,NGC 2682 Sand 1429,Radial Velocity,2024,F,6000.0,2.13,1.26,-0.013,4.01,852.793,12.704,11.306,12.5858
NGC 2682 Sand 978 b,NGC 2682 Sand 978,Radial Velocity,2017,K,4200.0,21.017414,1.37,-0.02,1.8,821.918,9.814,6.494,9.25286
NGC 2682 YBP 1194 b,NGC 2682 YBP 1194,Radial Velocity,2014,G,5780.0,0.99,1.01,0.023,4.44,872.92,14.569,12.965,14.4666
NGC 2682 YBP 1514 b,NGC 2682 YBP 1514,Radial Velocity,2014,G,5725.0,0.89,0.96,0.03,4.57,914.221,14.684,13.105,14.6201
NGC 2682 YBP 401 b,NGC 2682 YBP 401,Radial Velocity,2016,F,6165.0,1.215821,1.14,-0.046,4.3,830.822,13.699,12.337,13.5888
NGTS-1 b,NGTS-1,Transit,2017,M,3916.0,0.573,0.617,0.0,4.71,218.121,15.667,11.936,14.8661
NGTS-10 b,NGTS-10,Transit,2020,K,4600.0,0.697,0.696,-0.02,4.595,324.6986504,14.506,11.728,14.2604
NGTS-11 b,NGTS-11,Transit,2020,K,5050.0,0.832,0.862,0.22,4.5,190.422,12.456,10.315,12.1895
NGTS-12 b,NGTS-12,Transit,2020,G,5690.0,1.589,1.021,-0.03,4.045,446.442,12.382,10.588,12.1279
NGTS-14 A b,NGTS-14 A,Transit,2021,K,5187.0,0.842,0.898,0.1,4.2,322.148,13.268,11.305,13.0986
NGTS-15 b,NGTS-15,Transit,2021,G,5600.0,0.954,0.995,0.15,4.4,786.485,14.669,12.907,14.4299
NGTS-16 b,NGTS-16,Transit,2021,G,5550.0,1.213,1.002,0.35,4.35,898.168,14.529,12.647,14.2311
NGTS-17 b,NGTS-17,Transit,2021,G,5650.0,1.337,1.025,0.15,4.0,1040.28,14.412,12.724,14.2136
NGTS-18 b,NGTS-18,Transit,2021,G,5610.0,1.392,1.003,0.15,4.16,1096.19,14.588,12.87,14.3896
NGTS-2 b,NGTS-2,Transit,2018,F,6478.0,1.702,1.64,-0.06,4.197,356.391,10.789,9.799,10.8605
NGTS-20 b,NGTS-20,Transit,2022,G,5980.0,1.78,1.47,0.15,3.8,382.898,11.233,9.83,11.0313
NGTS-21 b,NGTS-21,Transit,2022,K,4660.0,0.86,0.72,-0.26,4.63,592.891,15.506,12.951,15.224
NGTS-23 b,NGTS-23,Transit,2022,F,6057.0,1.24,1.01,-0.26,4.04,1074.95,14.126,12.73,13.9535
NGTS-24 b,NGTS-24,Transit,2022,G,5820.0,1.64,1.26,0.27,4.09,683.062,13.214,11.51,13.0525
NGTS-25 b,NGTS-25,Transit,2022,K,5321.0,0.86,0.91,0.12,4.48,521.233,14.333,12.324,14.0864
NGTS-3 A b,NGTS-3 A,Transit,2018,G,5600.0,0.93,1.017,0.12,4.44807,743.972,14.669,12.814,14.4878
NGTS-34 b,NGTS-34,Transit,2025,F,6134.0,1.367,1.266,0.228,4.22,120.475,9.229,7.925,9.13346
NGTS-35 b,NGTS-35,Transit,2025,K,4717.0,0.753,0.789,0.085,4.57,183.078,13.059,10.556,12.7159
NGTS-5 b,NGTS-5,Transit,2019,K,4987.0,0.739,0.661,0.12,4.52,306.779,13.789,11.612,13.526
NGTS-8 b,NGTS-8,Transit,2019,K,5241.0,0.98,0.89,0.24,4.41,428.976,13.69,11.642,13.4954
NGTS-9 b,NGTS-9,Transit,2019,F,6330.0,1.38,1.34,0.31,4.37,609.128,12.868,11.452,12.6547
OGLE-TR-10 b,OGLE-TR-10,Transit,2004,G,5950.0,1.17,1.14,0.28,4.358,1344.97,16.006,12.856,15.6845
OGLE-TR-111 b,OGLE-TR-111,Transit,2004,K,5040.0,0.83,0.82,0.19,4.536,1068.33,16.707,14.112,16.5277
OGLE-TR-132 b,OGLE-TR-132,Transit,2004,F,6210.0,1.32,1.305,0.37,4.313,2012.62,16.536,14.99,16.4883
PDS 70 b,PDS 70,Imaging,2018,K,4109.0,1.26,0.982,-0.11,4.23,113.064,12.032,8.542,11.5848
PDS 70 c,PDS 70,Imaging,2019,K,4109.0,1.26,0.982,-0.11,4.23,113.064,12.032,8.542,11.5848
PH1 b,PH1,Transit,2012,F,6407.0,1.734,1.528,0.21,4.14,1033.16,13.841,12.395,13.6988
PH2 b,PH2,Transit,2013,G,5734.0,0.949,0.966,0.017,4.47,343.863,12.645,11.116,12.5811
POTS-1 b,POTS-1,Transit,2013,K,4400.0,0.588,0.695,-0.03,4.63,747.959,17.9083,14.244,17.2604
Qatar-10 b,Qatar-10,Transit,2019,F,6124.0,1.254,1.156,0.016,4.303,559.068,12.868,11.382,12.6978
Qatar-3 b,Qatar-3,Transit,2017,G,6007.0,1.272,1.145,-0.041,4.286,735.601,12.929,11.219,12.8203
Qatar-4 b,Qatar-4,Transit,2017,K,5215.0,0.849,0.896,0.103,4.533,329.036,13.574,11.519,13.4114
Qatar-5 b,Qatar-5,Transit,2017,G,5747.0,1.076,1.128,0.377,4.427,367.658,12.614,10.956,12.5241
Qatar-6 b,Qatar-6,Transit,2017,K,5052.0,0.722,0.822,-0.025,4.636,100.848,11.496,9.226,11.1249
Qatar-7 b,Qatar-7,Transit,2019,F,6387.0,1.564,1.409,0.276,4.196,705.981,13.134,11.561,12.9275
Qatar-8 b,Qatar-8,Transit,2019,G,5738.0,1.315,1.029,0.025,4.214,281.498,11.71,9.937,11.3494
Qatar-9 b,Qatar-9,Transit,2019,K,4309.0,0.696,0.719,0.252,4.61,213.771,14.023,11.104,13.6871
ROXs 12 b,ROXs 12,Imaging,2013,M,3850.0,1.06627,0.87,0.14,4.06718,136.65,14.763,9.099,13.2655
Ross 128 b,Ross 128,Radial Velocity,2017,M,3192.0,0.1967,0.168,-0.02,5.04705,3.37454,11.12,5.654,9.59067
Ross 176 b,Ross 176,Transit,2025,K,4041.0,0.569,0.577,-0.19,5.07,46.4488,11.524,8.419,11.2715
Ross 508 b,Ross 508,Radial Velocity,2022,M,3071.0,0.2113,0.1774,-0.2,5.039,11.2103,14.18,8.279,12.2066
TIC 139270665 b,TIC 139270665,Transit,2024,G,5844.0,1.016,1.035,0.156,4.439,189.875,10.385,8.946,10.1805
TIC 139270665 c,TIC 139270665,Radial Velocity,2024,G,5844.0,1.016,1.035,0.156,4.439,189.875,10.385,8.946,10.1805
TIC 172900988 b,TIC 172900988 Aa,Transit,2021,F,6050.0,1.3842,1.2384,0.34,4.2485,250.956,10.141,8.762,10.0477
TIC 237913194 b,TIC 237913194,Transit,2020,G,5788.0,1.088,1.026,0.14,4.376,306.063,12.144,10.485,11.9371
TIC 257060897 b,TIC 257060897,Transit,2021,F,5993.0,1.863,1.187,0.054,3.972,505.703,11.814,10.387,11.6659
TIC 393818343 b,TIC 393818343,Transit,2024,G,5756.0,1.086,1.082,0.318,4.402,93.7345,9.48,8.052,9.429071
TIC 434398831 b,TIC 434398831,Transit,2025,G,5638.0,0.909,0.992,-0.081,4.42,217.011,11.682,10.138,11.7893
TIC 434398831 c,TIC 434398831,Transit,2025,G,5638.0,0.909,0.992,-0.081,4.42,217.011,11.682,10.138,11.7893
TIC 52059926 b,TIC 52059926,Transit,2026,K,4505.0,0.72,0.73,-0.08,4.62,216.581,13.724,11.023,13.4274
TIC 88785435 b,TIC 88785435,Transit,2025,K,3998.0,0.911,0.724,-0.08,4.19,122.386,13.259,9.546,12.6115
TIC 9344899 b,TIC 9344899,Transit,2026,G,5800.0,1.06,0.98,0.07,4.39,532.228,13.291,11.759,13.1859
TOI-1062 b,TOI-1062,Transit,2021,G,5328.0,0.84,0.94,0.14,4.55,82.1733,10.249,8.296,10.0008
TOI-1062 c,TOI-1062,Radial Velocity,2021,G,5328.0,0.84,0.94,0.14,4.55,82.1733,10.249,8.296,10.0008
TOI-1075 b,TOI-1075,Transit,2022,K,3875.0,0.581,0.604,-0.08,4.69,61.4592,12.615,9.115,12.0544
TOI-1080 b,TOI-1080,Transit,2026,M,3065.0,0.2019,0.1667,-0.09,5.049,25.559,15.349,10.17,14.0343
TOI-1107 b,TOI-1107,Transit,2022,F,6311.0,1.81,1.35,-0.1,4.05,281.314,10.553,9.205,10.3745
TOI-1117 b,TOI-1117,Transit,2025,G,5635.0,1.05,0.97,0.136,4.41,167.598,11.016,9.385,10.8621
TOI-1117 c,TOI-1117,Radial Velocity,2025,G,5635.0,1.05,0.97,0.136,4.41,167.598,11.016,9.385,10.8621
TOI-1117 d,TOI-1117,Radial Velocity,2025,G,5635.0,1.05,0.97,0.136,4.41,167.598,11.016,9.385,10.8621
TOI-1130 b,TOI-1130,Transit,2020,K,4360.0,0.697,0.745,0.11,4.55,58.2609,11.595,8.351,10.9028
TOI-1130 c,TOI-1130,Transit,2020,K,4360.0,0.697,0.745,0.11,4.55,58.2609,11.595,8.351,10.9028
TOI-1135 b,TOI-1135,Transit,2024,G,6320.0,1.202,1.119,-0.039,4.328,114.048,9.54,8.192,9.41353
TOI-1173 b,TOI-1173,Transit,2024,G,5350.0,0.934,0.911,0.139,4.45,132.353,11.038,9.134,10.8041
TOI-1181 b,TOI-1181,Transit,2022,F,6054.0,1.961,1.467,0.38,4.02,302.819,10.582,9.22,10.4776
TOI-1201 b,TOI-1201,Transit,2021,M,3476.0,0.508,0.512,0.05,4.8,37.8871,12.26,8.646,12.0966
TOI-1203 b,TOI-1203,Radial Velocity,2025,G,5737.0,1.179,0.886,-0.39,4.34,64.9943,8.59,6.997,8.42196
TOI-1203 c,TOI-1203,Radial Velocity,2025,G,5737.0,1.179,0.886,-0.39,4.34,64.9943,8.59,6.997,8.42196
TOI-1203 e,TOI-1203,Radial Velocity,2025,G,5737.0,1.179,0.886,-0.39,4.34,64.9943,8.59,6.997,8.42196
TOI-1203.01,TOI-1203,Transit,2021,G,5737.0,1.179,0.886,-0.39,4.34,64.9943,8.59,6.997,8.42196
TOI-1231 b,TOI-1231,Transit,2021,M,3553.0,0.476,0.485,0.041,4.767,27.6227,12.36,8.069,11.36
TOI-1232 b,TOI-1232,Transit,2026,G,5823.0,1.072,1.058,0.18,4.403,328.604,12.68,10.697,12.2653
TOI-1232 c,TOI-1232,Transit Timing Variations,2026,G,5823.0,1.072,1.058,0.18,4.403,328.604,12.68,10.697,12.2653
TOI-1233.01,HD 108236,Transit,2021,G,5660.0,0.877,0.869,-0.28,4.49,64.5978,9.25,7.637,9.08745
TOI-1235 b,TOI-1235,Transit,2020,M,3997.0,0.619,0.63,0.33,4.64,39.6345,11.495,7.893,10.8492
TOI-1238 b,TOI-1238,Transit,2022,K,4089.0,0.58,0.59,0.31,4.63,70.7145,12.796,9.184,12.2219
TOI-1238 c,TOI-1238,Transit,2022,K,4089.0,0.58,0.59,0.31,4.63,70.7145,12.796,9.184,12.2219
TOI-1243 b,TOI-1243,Transit,2026,M,3515.0,0.511,0.515,-0.2,4.73,43.1865,13.427,8.878,12.359
TOI-1246 b,TOI-1246,Transit,2022,K,5151.0,0.86,0.87,0.17,4.4,169.422,11.632,9.907,11.7291
TOI-1246 c,TOI-1246,Transit,2022,K,5213.0,0.8649,0.8889,0.168,4.51,169.422,11.632,9.907,11.7291
TOI-1246 d,TOI-1246,Transit,2022,K,5213.0,0.8649,0.8889,0.168,4.51,169.422,11.632,9.907,11.7291
TOI-1246 e,TOI-1246,Transit,2022,K,5213.0,0.8649,0.8889,0.168,4.51,169.422,11.632,9.907,11.7291
TOI-125 b,TOI-125,Transit,2019,K,5320.0,0.848,0.859,-0.02,4.516,111.059,11.023,8.995,10.718
TOI-125 c,TOI-125,Transit,2019,K,5320.0,0.848,0.859,-0.02,4.516,111.059,11.023,8.995,10.718
TOI-125 d,TOI-125,Transit,2020,K,5320.0,0.848,0.859,-0.02,4.516,111.059,11.023,8.995,10.718
TOI-1260 b,TOI-1260,Transit,2021,K,4227.0,0.672,0.679,-0.1,4.57,73.5977,11.922,8.95,11.5743
TOI-1260 c,TOI-1260,Transit,2021,K,4227.0,0.672,0.679,-0.1,4.57,73.5977,11.922,8.95,11.5743
TOI-1260 d,TOI-1260,Transit,2022,K,4227.0,0.672,0.679,-0.1,4.57,73.5977,11.922,8.95,11.5743
TOI-1266 b,TOI-1266,Transit,2020,M,3563.0,0.4232,0.437,-0.109,4.826,36.0118,12.941,8.84,12.1222
TOI-1266 c,TOI-1266,Transit,2020,M,3563.0,0.4232,0.437,-0.109,4.826,36.0118,12.941,8.84,12.1222
TOI-1266 d,TOI-1266,Transit Timing Variations,2025,M,3563.0,0.4232,0.437,-0.109,4.826,36.0118,12.941,8.84,12.1222
TOI-1268 b,TOI-1268,Transit,2022,K,5300.0,0.92,0.96,0.36,4.55,109.557,10.92,8.911,10.692
TOI-1272 b,TOI-1272,Transit,2022,K,4985.0,0.8,0.828,0.1,4.551,137.572,11.758,9.701,11.6
TOI-1278 b,TOI-1278,Transit,2021,M,3799.0,0.573,0.54,-0.01,4.68,75.5759,13.502,9.735,12.7543
TOI-1288 b,TOI-1288,Transit,2022,G,5388.0,0.9583,0.9552,0.257,4.453,114.865,10.445,8.779,10.4468
TOI-1288 c,TOI-1288,Radial Velocity,2022,G,5388.0,0.9583,0.9552,0.257,4.453,114.865,10.445,8.779,10.4468
TOI-1295 b,TOI-1295,Transit,2024,F,6280.0,1.7,1.38,0.26,4.1,388.227,11.303,10.08,11.1307
TOI-132 b,TOI-132,Transit,2020,G,5397.0,0.9,0.97,0.16,4.48,163.678,11.197,9.646,11.3208
TOI-1338 b,TOI-1338 A,Transit,2020,F,5723.2,1.313,1.0936,0.01,4.0,399.017,11.722,10.635,11.8764
TOI-1338 c,TOI-1338 A,Radial Velocity,2023,F,5723.2,1.313,1.0936,0.01,4.0,399.017,11.722,10.635,11.8764
TOI-1386 b,TOI-1386,Transit,2024,G,5735.0,1.0235,1.0363,0.149,4.431,146.858,10.61,9.086,10.5069
TOI-1386 c,TOI-1386,Radial Velocity,2024,G,5735.0,1.0235,1.0363,0.149,4.431,146.858,10.61,9.086,10.5069
TOI-1408 b,TOI-1408,Transit,2023,F,6117.0,1.53,1.312,0.25,4.1,139.484,9.270001,8.078,9.18795
TOI-1408 c,TOI-1408,Transit Timing Variations,2024,F,6117.0,1.53,1.312,0.25,4.1,139.484,9.270001,8.078,9.18795
TOI-1416 b,TOI-1416,Transit,2023,G,4884.0,0.793,0.798,0.08,4.52,55.0135,9.91,7.708,9.65254
TOI-1422 b,TOI-1422,Transit,2022,G,5840.0,1.019,0.9903,-0.028,4.412,155.141,10.622,9.19,10.5521
TOI-1422 c,TOI-1422,Radial Velocity,2025,G,5840.0,1.019,0.9903,-0.028,4.412,155.141,10.622,9.19,10.5521
TOI-1431 b,TOI-1431,Transit,2021,A,7690.0,1.92,1.9,0.09,4.15,148.925,8.03,7.439,7.97561
TOI-1438 b,TOI-1438,Transit,2025,K,5230.0,0.82,0.876,0.03,4.5,110.513,10.957,9.09,10.8549
TOI-1438 c,TOI-1438,Transit,2025,K,5230.0,0.82,0.876,0.03,4.5,110.513,10.957,9.09,10.8549
TOI-1444 b,TOI-1444,Transit,2021,G,5460.0,0.9105,0.9513,0.146,4.496,125.463,10.936,9.061,10.6417
TOI-1450 A b,TOI-1450 A,Transit,2024,M,3437.0,0.483,0.48,-0.12,4.76,22.4467,12.28,7.565,11.2394
TOI-1450 A c,TOI-1450 A,Transit,2024,M,3437.0,0.483,0.48,-0.12,4.76,22.4467,12.28,7.565,11.2394
TOI-1452 b,TOI-1452,Transit,2022,M,3185.0,0.275,0.249,-0.07,4.95,30.5212,14.354,9.74,13.6233
TOI-1468 b,TOI-1468,Transit,2022,M,3376.0,0.3714,0.3527,-0.01,4.846,24.7399,12.5,8.497,12.1172
TOI-1468 c,TOI-1468,Transit,2022,M,3376.0,0.3714,0.3527,-0.01,4.846,24.7399,12.5,8.497,12.1172
TOI-1470 b,TOI-1470,Transit,2023,M,3709.0,0.469,0.471,0.0,4.77,51.9503,13.459,9.283,12.5555
TOI-1470 c,TOI-1470,Transit,2023,M,3709.0,0.469,0.471,0.0,4.77,51.9503,13.459,9.283,12.5555
TOI-150.01,TOI-150,Transit,2019,F,6255.0,1.526,1.351,0.28,4.13,336.267,11.39,9.94,11.3408
TOI-1516 b,TOI-1516,Transit,2022,F,6520.0,1.14,1.14,-0.05,4.25,247.054,10.858,9.669,10.7156
TOI-1518 b,TOI-1518,Transit,2021,F,7299.0,1.942,1.88,-0.1,4.136,225.888,8.952,8.325,8.89529
TOI-157 b,TOI-157,Transit,2020,G,5404.0,1.167,0.948,0.24,4.281,355.683,12.725,10.892,12.5143
TOI-159 b,TOI-159,Transit,2026,F,7287.0,1.62,1.661,0.3,4.23,347.593,11.021,9.758,10.8504
TOI-163 b,TOI-163,Transit,2019,F,6495.0,1.648,1.4352,0.22,4.187,411.719,11.467,10.124,11.2193
TOI-1634 b,TOI-1634,Transit,2021,M,3550.0,0.45,0.502,0.23,4.833,35.2736,13.217,8.6,12.1965
TOI-1634 c,TOI-1634,Radial Velocity,2022,M,3472.0,0.45,0.451,0.19,4.787,35.2736,13.217,8.6,12.1965
TOI-1670 b,TOI-1670,Transit,2022,F,6170.0,1.316,1.21,0.09,4.29,168.067,9.889,8.724,9.81934
TOI-1670 c,TOI-1670,Transit,2022,F,6170.0,1.316,1.21,0.09,4.29,168.067,9.889,8.724,9.81934
TOI-1680 b,TOI-1680,Transit,2023,M,3225.0,0.2106,0.1798,0.04,5.046,37.2209,15.87,10.821,14.6457
TOI-1685 b,TOI-1685,Transit,2021,M,3470.0,0.462,0.466,0.01,4.68,37.6153,13.378,8.758,12.2956
TOI-169 b,TOI-169,Transit,2020,G,5880.0,1.288,1.147,0.24,4.278,407.84,12.355,10.815,12.2379
TOI-1694 b,TOI-1694,Transit,2023,K,5005.0,0.812,0.828,0.04,4.536,124.68,11.446,9.425,11.3103
TOI-1694 c,TOI-1694,Radial Velocity,2023,K,5005.0,0.812,0.828,0.04,4.536,124.68,11.446,9.425,11.3103
TOI-1695 b,TOI-1695,Transit,2022,M,3690.0,0.515,0.513,0.0,4.725,45.1309,12.989,8.818,12.1364
TOI-1696 b,TOI-1696,Transit,2022,M,3185.0,0.2775,0.255,0.336,4.959,64.9172,16.82,11.331,15.3314
TOI-1710 b,TOI-1710,Transit,2022,G,5730.0,0.968,1.0258,0.147,4.486,81.2271,9.545,7.959,9.35983
TOI-1728 b,TOI-1728,Transit,2020,M,3980.0,0.6243,0.646,0.25,4.657,60.798,12.39,8.803001,11.7294
TOI-1743 b,TOI-1743,Transit,2025,M,3277.0,0.338,0.339,0.22,4.909,41.2758,14.972,9.999,13.7291
TOI-1749 b,TOI-1749,Transit,2021,M,3985.0,0.55,0.58,-0.26,4.7,99.5561,13.86,10.27,13.1798
TOI-1749 c,TOI-1749,Transit,2021,M,3985.0,0.55,0.58,-0.26,4.7,99.5561,13.86,10.27,13.1798
TOI-1749 d,TOI-1749,Transit,2021,M,3985.0,0.55,0.58,-0.26,4.7,99.5561,13.86,10.27,13.1798
TOI-1752 b,TOI-1752,Transit,2026,M,3762.0,0.53,0.524,-0.11,4.71,103.021,14.62,10.545,13.8174
TOI-1752 c,TOI-1752,Transit,2026,M,3762.0,0.53,0.524,-0.11,4.71,103.021,14.62,10.545,13.8174
TOI-1759 b,TOI-1759,Transit,2022,M,4065.0,0.597,0.606,0.05,4.65,40.0654,11.93,7.93,10.8385
TOI-178 b,TOI-178,Transit,2021,K,4316.0,0.662,0.647,-0.23,4.45,62.699,11.955,8.656,11.1523
TOI-178 c,TOI-178,Transit,2021,K,4316.0,0.662,0.647,-0.23,4.45,62.699,11.955,8.656,11.1523
TOI-178 d,TOI-178,Transit,2021,K,4316.0,0.662,0.647,-0.23,4.45,62.699,11.955,8.656,11.1523
TOI-178 e,TOI-178,Transit,2021,K,4316.0,0.662,0.647,-0.23,4.45,62.699,11.955,8.656,11.1523
TOI-178 f,TOI-178,Transit,2021,K,4316.0,0.662,0.647,-0.23,4.45,62.699,11.955,8.656,11.1523
TOI-178 g,TOI-178,Transit,2021,K,4316.0,0.662,0.647,-0.23,4.45,62.699,11.955,8.656,11.1523
TOI-1789 b,TOI-1789,Transit,2021,F,5991.0,2.168,1.507,0.373,3.943,229.067,9.721,8.345,9.58439
TOI-1801 b,TOI-1801,Transit,2023,M,3863.0,0.547,0.556,-0.19,4.78,30.6796,11.58,7.805,10.8269
TOI-181 b,TOI-181,Transit,2023,K,4994.0,0.745,0.822,0.272,4.608,96.2338,11.191,9.047,11.0857
TOI-1853 b,TOI-1853,Transit,2023,K,4985.0,0.808,0.837,0.11,4.49,165.105,12.178,10.055,11.9474
TOI-1860 b,TOI-1860,Transit,2022,G,5752.0,0.94,0.99,0.04,4.58,45.864,8.4,6.792,8.23223
TOI-1883 b,TOI-1883,Transit,2024,M,3554.0,0.506,0.495,0.32,4.719,115.369,15.792,10.994,14.5242
TOI-1899 b,TOI-1899,Transit,2020,M,3926.0,0.607,0.632,0.28,4.672,128.438,14.88,10.509,13.5553
TOI-198 b,TOI-198,Transit,2023,M,3801.0,0.418,0.417,-0.66,4.81,23.7262,11.688,7.856,10.9187
TOI-199 b,TOI-199,Transit,2023,G,5255.0,0.82,0.936,0.22,4.582,102.27,10.701,8.814,10.5784
TOI-199 c,TOI-199,Transit Timing Variations,2023,G,5255.0,0.82,0.936,0.22,4.582,102.27,10.701,8.814,10.5784
TOI-201 b,TOI-201,Transit,2021,F,6423.0,1.31,1.32,0.24,4.318,113.825,9.07,7.846,8.94004
TOI-201 c,TOI-201,Transit Timing Variations,2025,F,6423.0,1.31,1.32,0.24,4.318,113.825,9.07,7.846,8.94004
TOI-201 d,TOI-201,Transit,2026,F,6423.0,1.31,1.32,0.24,4.318,113.825,9.07,7.846,8.94004
TOI-2010 b,TOI-2010,Transit,2023,F,5929.0,1.079,1.112,0.168,4.417,109.19,9.849,8.281,9.69568
TOI-2015 b,TOI-2015,Transit,2023,M,3297.0,0.3273,0.3041,-0.31,5.04,47.3444,16.11,10.263,14.176
TOI-2015 c,TOI-2015,Transit Timing Variations,2025,M,3297.0,0.3273,0.3041,-0.31,5.04,47.3444,16.11,10.263,14.176
TOI-2018 b,TOI-2018,Transit,2023,K,4174.0,0.62,0.57,-0.58,4.62,27.9956,10.25,7.104,9.71999
TOI-2046 b,TOI-2046,Transit,2022,F,6250.0,1.21,1.13,-0.06,4.3,289.668,11.552,10.094,11.4128
TOI-2048 b,TOI-2048,Transit,2022,G,5185.0,0.79,0.83,0.02,4.6,116.567,11.431,9.439,11.3252
TOI-2076 b,TOI-2076,Transit,2021,K,5187.0,0.758,0.849,-0.09,4.608,41.9091,9.139,7.115,8.91028
TOI-2076 c,TOI-2076,Transit,2021,K,5187.0,0.758,0.849,-0.09,4.608,41.9091,9.139,7.115,8.91028
TOI-2076 d,TOI-2076,Transit,2021,K,5187.0,0.758,0.849,-0.09,4.608,41.9091,9.139,7.115,8.91028
TOI-2076 e,TOI-2076,Transit,2025,K,5187.0,0.758,0.849,-0.09,4.608,41.9091,9.139,7.115,8.91028
TOI-2081 b,TOI-2081,Transit,2022,M,3800.0,0.534,0.54,-0.5,4.5,62.3446,13.369,9.523,12.6594
TOI-2084 b,TOI-2084,Transit,2023,M,3551.0,0.475,0.453,-0.13,4.75,114.549,15.115,11.148,14.4096
TOI-2093 b,TOI-2093,Radial Velocity,2025,K,4426.0,0.729,0.745,-0.08,4.87,82.7982,11.925,8.975,11.3685
TOI-2093 c,TOI-2093,Transit,2025,K,4426.0,0.729,0.745,-0.08,4.87,82.7982,11.925,8.975,11.3685
TOI-2094 b,TOI-2094,Transit,2026,M,3435.0,0.384,0.425,-0.06,4.89,50.0248,14.409,9.97,13.4537
TOI-2095 b,TOI-2095,Transit,2023,M,3759.0,0.44,0.44,-0.24,5.11,41.9176,13.19,8.988,12.094
TOI-2095 c,TOI-2095,Transit,2023,M,3759.0,0.44,0.44,-0.24,5.11,41.9176,13.19,8.988,12.094
TOI-2096 b,TOI-2096,Transit,2023,M,3300.0,0.235,0.231,-0.03,5.05,48.4809,15.92,11.021,14.7736
TOI-2096 c,TOI-2096,Transit,2023,M,3300.0,0.235,0.231,-0.03,5.05,48.4809,15.92,11.021,14.7736
TOI-2109 b,TOI-2109,Transit,2021,F,6540.0,1.698,1.453,0.068,4.139,262.041,10.217,9.07,10.1138
TOI-2134 b,TOI-2134,Transit,2023,K,4580.0,0.709,0.744,0.12,4.8,22.6202,8.933,6.091,8.5077
TOI-2134 c,TOI-2134,Transit,2023,K,4580.0,0.709,0.744,0.12,4.8,22.6202,8.933,6.091,8.5077
TOI-2136 b,TOI-2136,Transit,2022,M,3342.0,0.34,0.34,0.03,4.91,33.3631,14.32,9.343,12.9643
TOI-2152 A b,TOI-2152,Transit,2023,F,6630.0,1.612,1.516,0.282,4.205,303.006,11.436,9.597,11.2407
TOI-2180 b,TOI-2180,Transit,2022,G,5695.0,1.636,1.111,0.253,4.057,116.685,9.162,7.604,9.01133
TOI-2196 b,TOI-2196,Transit,2022,G,5634.0,1.043,1.032,0.14,4.42,259.947,12.297,10.346,11.8259
TOI-220 b,TOI-220,Transit,2021,K,5298.0,0.858,0.825,-0.217,4.37,90.7402,10.466,8.542,10.1897
TOI-2202 b,TOI-2202,Transit,2021,K,5169.0,0.808,0.841,0.059,4.548,235.933,13.004,10.8,12.7606
TOI-2202 c,TOI-2202,Transit Timing Variations,2021,K,5144.0,0.794,0.823,0.04,4.55,235.933,13.004,10.8,12.7606
TOI-2257 b,TOI-2257,Transit,2021,M,3430.0,0.313,0.328,-0.27,4.971,57.7911,15.211,10.673,14.1615
TOI-2260 b,TOI-2260,Transit,2022,G,5534.0,0.94,0.99,0.22,4.62,101.251,10.474,8.684,10.2488
TOI-2267 b,TOI-2267 A,Transit,2025,M,3030.0,0.2075,0.171,0.164,4.99,22.55,15.56,9.459,13.7623
TOI-2267 c,TOI-2267 A,Transit,2025,M,3030.0,0.2075,0.171,0.164,4.99,22.55,15.56,9.459,13.7623
TOI-2322 b,TOI-2322,Transit,2025,K,4664.0,0.662,0.703,-0.12,4.57,59.861,10.912,8.369,10.7489
TOI-2322 c,TOI-2322,Transit,2025,K,4664.0,0.662,0.703,-0.12,4.57,59.861,10.912,8.369,10.7489
TOI-2345 b,TOI-2345,Transit,2025,K,4687.0,0.729,0.727,-0.1,4.57,81.6541,11.483,8.847,11.0278
TOI-2345 c,TOI-2345,Transit,2025,K,4687.0,0.729,0.727,-0.1,4.57,81.6541,11.483,8.847,11.0278
TOI-237 b,TOI-237,Transit,2020,M,3212.0,0.211,0.179,-0.3443,5.04,38.0749,16.37,10.896,14.754
TOI-237 c,TOI-237,Transit,2026,M,3226.0,0.2056,0.1698,-0.3443,5.0494,38.0749,16.37,10.896,14.754
TOI-238 b,TOI-238,Transit,2024,K,5059.0,0.756,0.781,-0.114,4.58,80.5407,10.748,8.598,10.4883
TOI-238 c,TOI-238,Radial Velocity,2024,K,5059.0,0.733,0.79,-0.114,4.577,80.5407,10.748,8.598,10.4883
TOI-2431 b,TOI-2431,Transit,2026,K,4109.0,0.651,0.661,-0.02,4.68,36.0559,10.9,7.554,10.3234
TOI-244 b,TOI-244,Transit,2023,M,3433.0,0.426,0.428,-0.39,4.66,22.0337,12.861,7.97,11.553
TOI-2443 b,TOI-2443,Transit,2023,K,4375.0,0.631,0.642,-0.29,4.42,23.9258,9.51,6.5,9.0333
TOI-2449 b,TOI-2449,Transit,2025,G,6021.0,1.065,1.079,-0.03,4.4,156.786,10.416,9.073,10.2924
TOI-2458 b,TOI-2458,Transit,2024,F,6005.0,1.31,1.05,-0.1,4.2,112.958,9.202,7.891,9.09716
TOI-2458 c,TOI-2458,Radial Velocity,2024,F,6005.0,1.31,1.05,-0.1,4.2,112.958,9.202,7.891,9.09716
TOI-2525 b,TOI-2525,Transit,2023,K,5096.0,0.785,0.849,0.14,4.58,395.398,14.216,11.905,14.012
TOI-2525 c,TOI-2525,Transit,2023,K,5096.0,0.785,0.849,0.14,4.58,395.398,14.216,11.905,14.012
TOI-2580 b,TOI-2580,Transit,2024,F,6120.0,1.81,1.33,0.26,4.15,379.253,11.419,9.877,11.2548
TOI-260 b,TOI-260,Transit,2024,K,4026.0,0.607,0.616,-0.47,4.45,20.1852,9.9,6.549,9.3124
TOI-262 b,TOI-262,Transit,2023,K,5310.0,0.853,0.913,0.26,4.54,43.932,8.91,6.967,8.66859
TOI-2641 b,TOI-2641,Transit,2023,F,6100.0,1.336,1.16,-0.15,4.2,344.045,11.693,10.325,11.5712
TOI-269 b,TOI-269,Transit,2021,M,3514.0,0.398,0.3917,-0.29,4.831,57.0225,14.37,10.1,13.4258
TOI-270 b,TOI-270,Transit,2019,M,3506.0,0.38,0.386,-0.17,4.872,22.4793,12.603,8.251,11.6306
TOI-270 c,TOI-270,Transit,2019,M,3506.0,0.38,0.386,-0.17,4.872,22.4793,12.603,8.251,11.6306
TOI-270 d,TOI-270,Transit,2019,M,3506.0,0.38,0.386,-0.17,4.872,22.4793,12.603,8.251,11.6306
TOI-283 b,TOI-283,Transit,2025,K,5213.0,0.85,0.8,-0.09,4.5,82.7013,10.41,8.517,10.1971
TOI-286 b,TOI-286,Transit,2024,K,5152.0,0.78,0.832,-0.05,4.59,59.2293,9.866,7.851,9.65064
TOI-286 c,TOI-286,Transit,2024,K,5152.0,0.78,0.832,-0.05,4.59,59.2293,9.866,7.851,9.65064
TOI-2969 b,TOI-2969,Transit,2025,K,4738.0,0.7,0.71,0.08,4.56,163.996,12.796,10.25,12.6195
TOI-2989 b,TOI-2989,Transit,2025,K,4672.0,0.76,0.77,-0.04,4.58,195.795,13.859,10.861,13.4755
TOI-3235 b,TOI-3235,Transit,2023,M,3388.8,0.3697,0.3939,0.264,4.8976,72.811,15.16,10.819,14.4858
TOI-3261 b,TOI-3261,Transit,2024,K,5068.0,0.849,0.861,0.138,4.19,300.141,13.261,11.184,13.0582
TOI-3288 b,TOI-3288,Transit,2025,M,4072.0,0.672,0.643,0.65,4.592,200.5,14.979,11.201,14.2497
TOI-332 b,TOI-332,Transit,2023,K,5251.0,0.87,0.88,0.256,4.46,222.852,12.349,10.315,12.063
TOI-3493 b,TOI-3493,Transit,2025,G,5844.0,1.228,1.023,0.03,4.25,96.7224,9.317,7.776,9.12029
TOI-3629 b,TOI-3629,Transit,2022,M,3870.0,0.6,0.63,0.4,4.67,130.091,14.639,10.553,13.8375
TOI-3714 b,TOI-3714,Transit,2022,M,3660.0,0.51,0.53,0.1,4.75,112.71,15.7,10.852,14.3107
TOI-3757 b,TOI-3757,Transit,2022,M,3913.0,0.62,0.64,0.0,4.68,181.139,14.812,11.152,14.1321
TOI-3785 b,TOI-3785,Transit,2023,M,3576.0,0.5,0.52,0.099,4.747,79.7634,14.595,10.165,13.6559
TOI-3884 b,TOI-3884,Transit,2022,M,3180.0,0.302,0.298,0.04,4.97,43.1448,15.744,10.24,14.2747
TOI-3984 A b,TOI-3984 A,Transit,2023,M,3476.0,0.47,0.49,0.18,4.81,108.883,15.694,11.052,14.6718
TOI-4010 b,TOI-4010,Transit,2023,K,4960.0,0.83,0.88,0.37,4.54,177.504,12.291,10.157,12.1216
TOI-4010 c,TOI-4010,Transit,2023,K,4960.0,0.83,0.88,0.37,4.54,177.504,12.291,10.157,12.1216
TOI-4010 d,TOI-4010,Transit,2023,K,4960.0,0.83,0.88,0.37,4.54,177.504,12.291,10.157,12.1216
TOI-4010 e,TOI-4010,Radial Velocity,2023,K,4960.0,0.83,0.88,0.37,4.54,177.504,12.291,10.157,12.1216
TOI-406 c,TOI-406,Transit,2024,M,3392.0,0.41,0.408,-0.02,4.69,31.0597,13.773,8.848,12.5528
TOI-406.01,TOI-406,Transit,2024,M,3392.0,0.41,0.408,-0.02,4.69,31.0597,13.773,8.848,12.5528
TOI-411 b,HD 22946,Transit,2022,F,6169.0,1.117,1.098,-0.08,4.47,62.7792,8.270001,6.981,8.1281
TOI-411 c,HD 22946,Transit,2022,F,6169.0,1.117,1.098,-0.08,4.47,62.7792,8.270001,6.981,8.1281
TOI-4127 b,TOI-4127,Transit,2023,F,6096.0,1.293,1.23,0.14,4.26,319.632,11.441,10.245,11.4122
TOI-4184 b,TOI-4184,Transit,2023,M,3238.0,0.2347,0.2109,-0.27,5.01,69.3649,17.12,11.867,15.5939
TOI-4201 b,TOI-4201,Transit,2023,M,3794.0,0.63,0.61,0.52,4.64,189.011,15.163,11.368,14.5001
TOI-421 b,TOI-421,Transit,2020,G,5291.0,0.866,0.833,-0.044,4.48,74.7969,9.931,8.071,9.77776
TOI-421 c,TOI-421,Transit,2020,G,5291.0,0.866,0.833,-0.044,4.48,74.7969,9.931,8.071,9.77776
TOI-4311 b,TOI-4311,Transit,2026,K,5063.0,0.8441,0.816,-0.065,4.442,134.988,11.388,9.488,11.2651
TOI-4311 c,TOI-4311,Transit,2026,K,5063.0,0.8441,0.816,-0.065,4.442,134.988,11.388,9.488,11.2651
TOI-4336 A b,TOI-4336 A,Transit,2024,M,3307.0,0.326,0.306,0.14,4.897,22.5455,13.6,8.632,12.2569
TOI-4336 A c,TOI-4336 A,Transit,2026,M,3307.0,0.326,0.306,0.14,4.897,22.5455,13.6,8.632,12.2569
TOI-4342 b,TOI-4342,Transit,2023,M,3866.0,0.598,0.587,0.26,4.652,61.5204,12.669,9.018,11.9822
TOI-4342 c,TOI-4342,Transit,2023,M,3866.0,0.598,0.587,0.26,4.652,61.5204,12.669,9.018,11.9822
TOI-4364 b,TOI-4364,Transit,2025,M,3528.0,0.4684,0.487,0.148,4.785,43.9662,13.564,9.075,12.5548
TOI-4438 b,TOI-4438,Transit,2024,M,3422.0,0.372,0.368,-0.19,4.68,30.0346,13.69,8.869,12.5196
TOI-444 b,TOI-444,Transit,2023,K,5225.0,0.779,0.96,0.08,4.64,57.3973,9.86,7.832,9.6063
TOI-4465 b,TOI-4465,Transit,2025,G,5545.0,1.014,0.93,-0.06,4.379,121.139,10.427,8.787,10.3255
TOI-4479 b,TOI-4479,Transit,2022,M,3400.0,0.451,0.452,0.0,4.5,80.6532,15.18,10.647,14.1309
TOI-4504 b,TOI-4504,Transit,2024,K,5315.0,0.92,0.89,0.16,4.458,342.605,13.364,11.236,13.1277
TOI-4504 c,TOI-4504,Transit,2024,K,5315.0,0.92,0.89,0.16,4.458,342.605,13.364,11.236,13.1277
TOI-4504 d,TOI-4504,Transit Timing Variations,2024,K,5315.0,0.92,0.89,0.16,4.458,342.605,13.364,11.236,13.1277
TOI-4507 b,TOI-4507,Transit,2025,F,6260.0,1.04,1.11,-0.06,4.45,178.26,10.806,9.381,10.5674
TOI-451 b,TOI-451,Transit,2020,G,5490.0,0.85,0.93,0.02,4.53,123.739,10.939,9.19,10.7498
TOI-451 c,TOI-451,Transit,2020,G,5490.0,0.85,0.93,0.02,4.53,123.739,10.939,9.19,10.7498
TOI-451 d,TOI-451,Transit,2020,G,5490.0,0.85,0.93,0.02,4.53,123.739,10.939,9.19,10.7498
TOI-4515 b,TOI-4515,Transit,2024,G,5433.0,0.86,0.949,0.05,4.48,193.499,11.938,10.134,11.8121
TOI-4529 b,TOI-4529,Transit,2026,M,3697.0,0.48,0.482,-0.24,4.61,28.384,12.214,7.954,11.216
TOI-4552 b,TOI-4552,Transit,2026,M,3258.0,0.2869,0.2619,-0.07,4.94,27.2684,14.44,9.395001,13.2392
TOI-4562 b,TOI-4562,Transit,2023,F,6096.0,1.152,1.192,0.08,4.39,339.605,12.14,10.619,11.9551
TOI-4562 c,TOI-4562,Transit Timing Variations,2024,F,6096.0,1.152,1.192,0.08,4.39,339.605,12.14,10.619,11.9551
TOI-4600 b,TOI-4600,Transit,2023,K,5170.0,0.81,0.89,0.16,4.57,216.056,12.577,10.571,12.4406
TOI-4600 c,TOI-4600,Transit,2023,K,5170.0,0.81,0.89,0.16,4.57,216.056,12.577,10.571,12.4406
TOI-4602.01,TOI-4602,Transit,2024,G,5966.0,1.08,0.9,-0.26,4.34,63.0637,8.32,6.883,8.17303
TOI-4603 b,TOI-4603,Transit,2023,F,6264.0,2.738,1.765,0.342,3.81,225.643,9.24,7.786,9.07469
TOI-4633 c,TOI-4633,Transit,2024,G,5800.0,1.05,1.1,0.2379,4.02198,95.2016,9.017,7.349,8.81983
TOI-4666 b,TOI-4666,Transit,2025,M,3793.0,0.585,0.576,0.79,4.664,154.749,15.333,11.085,14.3906
TOI-470 b,TOI-470,Transit,2023,G,5190.0,0.831,0.87,0.1,4.54,130.46,11.171,9.422,11.2461
TOI-481 b,TOI-481,Transit,2020,G,5735.0,1.66,1.14,0.26,4.06,179.366,9.972,8.443,9.84659
TOI-4860 b,TOI-4860,Transit,2023,M,3260.0,0.358,0.34,0.27,4.86,80.1423,16.47,11.175,15.1091
TOI-4940 b,TOI-4940,Transit,2025,G,5504.0,1.163,1.012,0.326,4.232,345.659,12.448,10.769,12.3039
TOI-500 b,TOI-500,Transit,2022,K,4440.0,0.678,0.74,0.12,4.618,47.3924,10.54,7.715,10.1026
TOI-500 c,TOI-500,Radial Velocity,2022,K,4440.0,0.678,0.74,0.12,4.618,47.3924,10.54,7.715,10.1026
TOI-500 d,TOI-500,Radial Velocity,2022,K,4440.0,0.678,0.74,0.12,4.618,47.3924,10.54,7.715,10.1026
TOI-500 e,TOI-500,Radial Velocity,2022,K,4440.0,0.678,0.74,0.12,4.618,47.3924,10.54,7.715,10.1026
TOI-5005 b,TOI-5005,Transit,2024,G,5749.0,0.93,0.97,0.15,4.43,207.891,11.867,10.004,11.6382
TOI-5007 b,TOI-5007,Transit,2026,M,3793.0,0.656,0.632,0.43,4.604,203.352,15.327,11.307,14.6524
TOI-5076 b,TOI-5076,Transit,2024,K,4780.0,0.844,0.789,0.082,4.483,82.857,10.9,8.582,10.5927
TOI-5126 b,TOI-5126,Transit,2023,F,6150.0,1.241,1.24,0.18,4.224,160.414,10.141,8.777,9.93629
TOI-5126 c,TOI-5126,Transit,2023,F,6150.0,1.241,1.24,0.18,4.224,160.414,10.141,8.777,9.93629
TOI-5143 c,TOI-5143,Transit,2025,K,5183.0,0.852,0.864,0.107,4.514,181.38,11.935,9.98,11.8113
TOI-5153 b,TOI-5153,Transit,2022,F,6300.0,1.4,1.24,0.12,4.3,390.484,11.932,10.408,11.5779
TOI-519 b,TOI-519,Transit,2021,M,3322.0,0.35,0.335,0.27,4.87,115.557,17.35,11.951,15.7067
TOI-5205 b,TOI-5205,Transit,2023,M,3430.0,0.394,0.392,0.0,4.84,86.4493,15.899,11.006,14.9317
TOI-521 b,TOI-521,Transit,2025,M,3544.0,0.421,0.42,-0.12,4.97,60.9425,14.691,10.089,13.5861
TOI-5292 A b,TOI-5292 A,Transit,2026,M,3919.0,0.611,0.596,0.33,4.642,337.095,16.416,12.777,15.9091
TOI-5293 A b,TOI-5293 A,Transit,2023,M,3586.0,0.52,0.54,-0.03,4.77,162.229,16.19,11.639,14.9816
TOI-530 b,TOI-530,Transit,2021,M,3659.0,0.54,0.53,0.376,4.7,148.762,15.403,11.238,14.6439
TOI-5300 b,TOI-5300,Transit,2025,K,4610.0,0.65,0.67,-0.17,4.64,162.51,13.869,10.568,13.2333
TOI-5349 b,TOI-5349,Transit,2026,M,3751.0,0.58,0.61,0.5,4.72,188.336,15.685,11.514,14.8907
TOI-5388.01,TOI-5388,Transit,2024,M,3440.0,0.3,0.292,-0.36,4.99,18.5226,12.728,8.319,11.7284
TOI-5398 b,TOI-5398,Transit,2022,G,6000.0,1.051,1.146,0.09,4.44,130.855,10.059,8.713,9.98233
TOI-5398 c,TOI-5398,Transit,2023,G,6000.0,1.051,1.146,0.09,4.44,130.855,10.059,8.713,9.98233
TOI-5542 b,TOI-5542,Transit,2022,G,5700.0,1.058,0.89,-0.21,4.2,348.849,12.42,10.897,12.2819
TOI-558 b,TOI-558,Transit,2021,F,6466.0,1.496,1.349,-0.004,4.218,402.63,11.233,10.262,11.3253
TOI-559 b,TOI-559,Transit,2021,G,5925.0,1.233,1.026,-0.069,4.268,233.266,11.091,9.638,10.9777
TOI-561 b,TOI-561,Transit,2020,G,5342.0,0.843,0.806,-0.41,4.47,85.799,10.252,8.394,10.0128
TOI-561 c,TOI-561,Transit,2020,G,5342.0,0.843,0.806,-0.41,4.47,85.799,10.252,8.394,10.0128
TOI-561 d,TOI-561,Transit,2020,G,5342.0,0.843,0.806,-0.41,4.47,85.799,10.252,8.394,10.0128
TOI-561 e,TOI-561,Transit,2020,G,5342.0,0.843,0.806,-0.41,4.47,85.799,10.252,8.394,10.0128
TOI-5678 b,TOI-5678,Transit,2023,G,5485.0,0.938,0.905,0.0,4.34,165.393,11.438,9.563,11.1483
TOI-5713 b,TOI-5713,Transit,2024,M,3225.0,0.2992,0.2653,-0.03,4.91,40.8668,15.355,10.217,14.0104
TOI-5720 b,TOI-5720,Transit,2024,M,3325.0,0.383,0.383,0.03,5.01,35.8256,13.847,9.288,12.8215
TOI-5734 b,TOI-5734,Transit,2026,K,4750.0,0.639,0.724,-0.13,4.66,32.5102,9.613,6.987,9.19044
TOI-5789 b,TOI-5789,Radial Velocity,2026,K,5185.0,0.833,0.821,-0.12,4.511,20.4581,7.35063,5.35,7.09999
TOI-5789 c,TOI-5789,Transit,2026,K,5185.0,0.833,0.821,-0.12,4.511,20.4581,7.35063,5.35,7.09999
TOI-5789 d,TOI-5789,Radial Velocity,2026,K,5185.0,0.833,0.821,-0.12,4.511,20.4581,7.35063,5.35,7.09999
TOI-5789 e,TOI-5789,Radial Velocity,2026,K,5185.0,0.833,0.821,-0.12,4.511,20.4581,7.35063,5.35,7.09999
TOI-5795 b,TOI-5795,Transit,2025,G,5715.0,1.082,0.901,-0.27,4.32,156.53,10.708,9.168,10.6376
TOI-5799 b,TOI-5799,Transit,2024,M,3452.0,0.321,0.325,0.01,4.936,27.8123,13.29,8.952,12.3212
TOI-5799 c,TOI-5799,Transit,2025,M,3452.0,0.321,0.325,0.01,4.936,27.8123,13.29,8.952,12.3212
TOI-5800 b,TOI-5800,Transit,2025,K,4850.0,0.773,0.778,-0.04,4.56,42.9052,9.553001,7.191,9.21824
TOI-5817 b,TOI-5817,Transit,2025,G,5770.0,1.427,0.97,-0.24,4.12,80.7542,8.64,7.084,8.48343
TOI-5916 b,TOI-5916,Transit,2026,M,3613.0,0.48,0.477,0.09,4.755,199.724,16.602,12.235,15.6925
TOI-6002 b,TOI-6002,Transit,2024,M,3229.0,0.2432,0.2101,-0.18,4.989,32.0266,14.6,10.175,13.9558
TOI-6008 b,TOI-6008,Transit,2024,M,3075.0,0.242,0.23,0.3,5.01,23.1008,15.97,9.541,13.7122
TOI-6016 b,TOI-6016,Transit,2024,F,6110.0,1.51,1.31,0.28,4.19,364.715,11.886,10.224,11.9184
TOI-6041 b,TOI-6041,Transit,2025,G,5445.0,0.879,0.885,0.104,4.498,72.4731,9.838,8.061,9.70942
TOI-6041 c,TOI-6041,Radial Velocity,2025,G,5445.0,0.879,0.885,0.104,4.498,72.4731,9.838,8.061,9.70942
TOI-6086 b,TOI-6086,Transit,2024,M,3200.0,0.259,0.254,0.11,5.01,31.4566,14.981,9.989,13.6971
TOI-6109 b,TOI-6109,Transit,2025,G,5660.0,1.021,1.03,0.0895,4.45,151.738,11.05,9.251,10.8316
TOI-6109 c,TOI-6109,Transit,2025,G,5660.0,1.021,1.03,0.0895,4.45,151.738,11.05,9.251,10.8316
TOI-6130 b,TOI-6130,Transit,2024,F,6110.0,1.51,1.31,0.28,4.19,220.882,11.21,9.655,10.9775
TOI-615 b,TOI-615,Transit,2023,F,6850.0,1.732,1.449,-0.1,4.2,360.408,10.825,9.669,10.5775
TOI-620 b,TOI-620,Transit,2022,M,3708.0,0.55,0.577,0.35,4.718,33.0231,12.262,7.954,11.3104
TOI-622 b,TOI-622,Transit,2023,F,6400.0,1.415,1.313,0.09,4.2,123.297,8.995,7.858,8.89103
TOI-6223 b,TOI-6223,Transit,2025,M,3895.0,0.576,0.582,-0.12,4.682,133.122,14.22,10.689,13.6201
TOI-6478 b,TOI-6478,Transit,2025,M,3230.0,0.234,0.23,-0.53,5.016,38.6057,15.99,10.657,14.313
TOI-654.01,TOI-654,Transit,2024,M,3521.0,0.43,0.419,0.12,4.793,57.7553,14.54,9.918,13.4339
TOI-663 b,TOI-663,Transit,2024,M,3681.0,0.512,0.514,0.07,4.7266,64.2308,13.667,9.607,12.8191
TOI-663 c,TOI-663,Transit,2024,M,3681.0,0.512,0.514,0.07,4.7266,64.2308,13.667,9.607,12.8191
TOI-663 d,TOI-663,Transit,2024,M,3681.0,0.512,0.514,0.07,4.7266,64.2308,13.667,9.607,12.8191
TOI-6695 b,TOI-6695,Transit,2025,F,6400.0,1.517,1.338,0.2,4.202,282.536,10.768,9.512,10.7445
TOI-6695 c,TOI-6695,Radial Velocity,2025,F,6400.0,1.517,1.338,0.2,4.202,282.536,10.768,9.512,10.7445
TOI-6716 b,TOI-6716,Transit,2026,M,3110.0,0.231,0.223,0.0,5.06,18.8873,14.8,9.196,13.1269
TOI-672 b,TOI-672,Transit,2023,M,3810.0,0.54,0.54,-0.14,4.7,66.9071,13.576,9.507,12.7364
TOI-674 b,TOI-674,Transit,2021,M,3514.0,0.42,0.42,0.17,4.81,46.0851,14.203,9.469,13.0914
TOI-677 b,TOI-677,Transit,2020,F,6295.0,1.28,1.181,0.0,4.291,141.812,9.822,8.429,9.66082
TOI-700 b,TOI-700,Transit,2020,M,3459.0,0.421,0.415,-0.07,4.809,31.1265,13.151,8.634,12.0665
TOI-700 c,TOI-700,Transit,2020,M,3459.0,0.421,0.415,-0.07,4.809,31.1265,13.151,8.634,12.0665
TOI-700 d,TOI-700,Transit,2020,M,3459.0,0.421,0.415,-0.07,4.809,31.1265,13.151,8.634,12.0665
TOI-700 e,TOI-700,Transit,2023,M,3459.0,0.421,0.415,-0.07,4.809,31.1265,13.151,8.634,12.0665
TOI-712 b,TOI-712,Transit,2022,K,4622.0,0.674,0.732,-0.02,4.645,58.6212,10.838,8.313,10.5785
TOI-712 c,TOI-712,Transit,2022,K,4622.0,0.674,0.732,-0.02,4.645,58.6212,10.838,8.313,10.5785
TOI-712 d,TOI-712,Transit,2022,K,4622.0,0.674,0.732,-0.02,4.645,58.6212,10.838,8.313,10.5785
TOI-715 b,TOI-715,Transit,2023,M,3075.0,0.24,0.225,-0.25,5.0,42.4048,16.683,10.917,14.894
TOI-7166 b,TOI-7166,Transit,2025,M,3099.0,0.222,0.19,-0.2,5.02,35.4153,15.79,10.598,14.4918
TOI-733 b,TOI-733,Transit,2023,G,5585.0,0.949,0.956,-0.04,4.47,75.2092,9.44,7.845,9.28881
TOI-7384 b,TOI-7384,Transit,2026,M,3185.0,0.319,0.318,0.0,4.93,66.7902,16.704,11.096,15.0456
TOI-7510 b,TOI-7510,Transit,2025,G,5720.0,1.035,1.063,0.25,4.439,249.006,11.989,10.211,11.7871
TOI-7510 c,TOI-7510,Transit,2025,G,5720.0,1.035,1.063,0.25,4.439,249.006,11.989,10.211,11.7871
TOI-7510 d,TOI-7510,Transit,2025,G,5720.0,1.035,1.063,0.25,4.439,249.006,11.989,10.211,11.7871
TOI-756 b,TOI-756,Transit,2025,M,3657.0,0.505,0.505,0.196,4.735,86.1759,14.607,10.274,13.6961
TOI-756 c,TOI-756,Radial Velocity,2025,M,3657.0,0.505,0.505,0.196,4.735,86.1759,14.607,10.274,13.6961
TOI-757 b,TOI-757,Transit,2024,K,5278.0,0.78,0.8,-0.27,4.5,60.3418,9.743,7.874,9.55369
TOI-763 b,TOI-763,Transit,2020,G,5450.0,0.897,0.917,0.01,4.45,95.1274,10.265,8.49,9.99915
TOI-763 c,TOI-763,Transit,2020,G,5450.0,0.897,0.917,0.01,4.45,95.1274,10.265,8.49,9.99915
TOI-771 b,TOI-771,Transit,2024,M,3370.0,0.232,0.22,-0.13,4.8,25.2788,14.888,9.664,13.3671
TOI-771 c,TOI-771,Radial Velocity,2025,M,3370.0,0.232,0.22,-0.13,4.8,25.2788,14.888,9.664,13.3671
TOI-776 b,TOI-776,Transit,2020,M,3725.0,0.547,0.542,-0.21,4.8,27.1701,11.536,7.615,10.7409
TOI-776 c,TOI-776,Transit,2020,M,3725.0,0.547,0.542,-0.21,4.8,27.1701,11.536,7.615,10.7409
TOI-778 b,TOI-778,Transit,2023,F,6643.0,1.71,1.4,0.0,4.05,161.743,9.109,8.055,8.99436
TOI-784 b,HD 307842,Transit,2023,G,5558.0,0.907,0.91,-0.13,4.48,64.5997,9.412,7.64,9.23501
TOI-813 b,TOI-813,Transit,2020,G,5907.0,1.94,1.32,0.1,3.86,263.145,10.358,9.029,10.2352
TOI-815 b,TOI-815,Transit,2024,K,4869.0,0.77,0.776,-0.09,4.51,59.7117,10.217,7.999,9.93978
TOI-815 c,TOI-815,Transit,2024,K,4869.0,0.77,0.776,-0.09,4.51,59.7117,10.217,7.999,9.93978
TOI-824 b,TOI-824,Transit,2020,K,4600.0,0.695,0.71,-0.092,4.605,63.9262,11.314,8.432,10.7616
TOI-836 b,TOI-836,Transit,2023,K,4552.0,0.665,0.678,-0.284,4.743,27.5024,9.92,6.804,9.40475
TOI-836.01,TOI-836,Transit,2021,K,4552.0,0.665,0.678,-0.284,4.743,27.5024,9.92,6.804,9.40475
TOI-837 b,TOI-837,Transit,2020,F,5995.0,1.052,1.142,0.01,4.453,142.488,10.635,8.933,10.356
TOI-849 b,TOI-849,Transit,2020,G,5257.0,0.97,0.97,0.19,4.48,225.734,11.981,10.418,12.0645
TOI-858 B b,TOI-858 B,Transit,2023,G,5842.0,1.308,1.081,0.153,4.238,250.489,11.183,9.722,11.0695
TOI-880 c,TOI-880,Transit,2025,K,5050.0,0.83,0.87,0.23,4.53,60.6679,10.104,7.954,9.83708
TOI-880.02,TOI-880,Transit,2024,K,5050.0,0.83,0.87,0.23,4.53,60.6679,10.104,7.954,9.83708
TOI-892 b,TOI-892,Transit,2020,F,6261.0,1.39,1.28,0.24,4.26,340.543,11.43,10.106,11.3435
TOI-908 b,TOI-908,Transit,2023,G,5626.0,1.028,0.95,0.08,4.45,175.748,11.316,9.637,11.1061
TOI-912 b,TOI-912,Transit,2025,M,3572.0,0.419,0.418,-0.19,4.98,26.1072,12.67,8.204001,11.6502
TOI-942 b,TOI-942,Transit,2020,K,4969.0,0.894,0.822,-0.221,4.314,152.601,11.982,9.639,11.6346
TOI-942 c,TOI-942,Transit,2020,K,4969.0,0.894,0.822,-0.221,4.314,152.601,11.982,9.639,11.6346
TOI-969 b,TOI-969,Transit,2022,K,4435.0,0.671,0.734,0.175,4.55,77.2554,11.646,8.879,11.2667
TOI-969 c,TOI-969,Radial Velocity,2022,K,4435.0,0.671,0.734,0.175,4.55,77.2554,11.646,8.879,11.2667
TRAPPIST-1 b,TRAPPIST-1,Transit,2016,M,2566.0,0.1192,0.0898,0.052,5.2396,12.42988881,17.02,10.296,15.6451
TRAPPIST-1 c,TRAPPIST-1,Transit,2016,M,2566.0,0.1192,0.0898,0.052,5.2396,12.42988881,17.02,10.296,15.6451
TRAPPIST-1 d,TRAPPIST-1,Transit,2016,M,2566.0,0.1192,0.0898,0.052,5.2396,12.42988881,17.02,10.296,15.6451
TRAPPIST-1 e,TRAPPIST-1,Transit,2017,M,2566.0,0.1192,0.0898,0.052,5.2396,12.42988881,17.02,10.296,15.6451
TRAPPIST-1 f,TRAPPIST-1,Transit,2017,M,2566.0,0.1192,0.0898,0.052,5.2396,12.42988881,17.02,10.296,15.6451
TRAPPIST-1 g,TRAPPIST-1,Transit,2017,M,2566.0,0.1192,0.0898,0.052,5.2396,12.42988881,17.02,10.296,15.6451
TRAPPIST-1 h,TRAPPIST-1,Transit,2017,M,2566.0,0.1192,0.0898,0.052,5.2396,12.42988881,17.02,10.296,15.6451
TYC 2187-512-1 b,TYC 2187-512-1,Radial Velocity,2022,M,3734.0,0.495,0.498,0.08,4.68,15.4744,10.58,6.595,9.77026
Teegarden's Star b,Teegarden's Star,Radial Velocity,2019,M,3034.0,0.12,0.097,-0.11,5.19,3.83078,15.13,7.585,12.2746
Teegarden's Star c,Teegarden's Star,Radial Velocity,2019,M,3034.0,0.12,0.097,-0.11,5.19,3.83078,15.13,7.585,12.2746
Teegarden's Star d,Teegarden's Star,Radial Velocity,2024,M,3034.0,0.12,0.097,-0.11,5.19,3.83078,15.13,7.585,12.2746
TrES-1 b,TrES-1,Transit,2004,K,5230.0,0.85,1.04,0.02,4.57,159.658,11.424,9.819,11.5565
TrES-2 b,TrES-2,Transit,2006,G,5850.0,1.12,1.36,-0.15,4.43,215.32,11.254,9.846,11.2819
TrES-3 b,TrES-3,Transit,2007,G,5650.0,0.829,0.928,-0.19,4.4,231.337,12.362,10.608,12.1995
TrES-4 b,TrES-4,Transit,2007,F,6200.0,1.66,1.08,0.14,4.06,515.98,11.932,10.33,11.4731
UCAC3 113-933 b,UCAC3 113-933,Imaging,2024,M,3864.0,0.564484,0.61,-0.95,4.68147,52.5829,12.501,8.866,11.8242
V1298 Tau b,V1298 Tau,Transit,2019,K,4970.0,1.32,1.1,0.1,4.227,108.199,10.115,8.094,10.0702
V1298 Tau c,V1298 Tau,Transit,2019,K,4970.0,1.32,1.1,0.1,4.227,108.199,10.115,8.094,10.0702
V1298 Tau d,V1298 Tau,Transit,2019,K,4970.0,1.32,1.1,0.1,4.227,108.199,10.115,8.094,10.0702
V1298 Tau e,V1298 Tau,Transit,2019,K,4970.0,1.32,1.1,0.1,4.227,108.199,10.115,8.094,10.0702
WASP-1 b,WASP-1,Transit,2007,F,6110.0,1.47,1.24,0.17,4.207,393.072,11.308,10.276,11.5349
WASP-10 b,WASP-10,Transit,2008,K,4675.0,0.698,0.75,0.03,4.627,140.998,12.413,9.983,12.1739
WASP-100 b,WASP-100,Transit,2014,F,6900.0,1.57,0.77,-0.03,4.35,364.411,10.798,9.669,10.6151
WASP-101 b,WASP-101,Transit,2014,F,6380.0,1.31,1.41,0.2,4.31,201.224,10.336,9.075,10.138
WASP-103 b,WASP-103,Transit,2014,F,6110.0,1.436,1.22,0.06,4.22,375.647,12.402,10.767,12.1931
WASP-104 b,WASP-104,Transit,2014,G,5475.0,0.963,1.076,0.32,4.503,185.932,11.779,9.882,11.5931
WASP-105 b,WASP-105,Transit,2017,K,5070.0,0.9,0.89,0.28,4.2,169.272,12.049,9.935,11.8445
WASP-106 b,WASP-106,Transit,2014,F,6002.0,1.47,1.175,-0.02,4.49,352.181,11.21,10.161,11.3659
WASP-107 b,WASP-107,Transit,2017,K,4425.0,0.657,0.683,0.02,4.633,64.7414,11.592,8.637,11.174
WASP-107 c,WASP-107,Radial Velocity,2020,K,4425.0,0.657,0.683,0.02,4.633,64.7414,11.592,8.637,11.174
WASP-108 b,WASP-108,Transit,2020,F,6783.0,1.34415,1.167,0.1478,4.24271,258.777,11.211,9.795,11.1081
WASP-11 b,WASP-11,Transit,2008,K,4800.0,0.89,1.42,0.0,4.45,124.73,11.567,9.421,11.5535
WASP-110 b,WASP-110,Transit,2021,G,5392.0,0.853,0.814,-0.15,4.487,274.96,12.762,10.871,12.5517
WASP-113 b,WASP-113,Transit,2016,G,5890.0,1.608,1.318,0.1,4.2,435.156,11.761,10.311,11.6041
WASP-114 b,WASP-114,Transit,2016,G,5940.0,1.43,1.289,0.14,4.3,523.337,12.685,11.074,12.5227
WASP-117 b,WASP-117,Transit,2014,F,6040.0,1.22,1.29,-0.11,4.28,157.963,10.139,8.78,10.0269
WASP-118 b,WASP-118,Transit,2016,F,6410.0,1.696,1.32,0.16,4.1,376.658,11.009,9.788,10.9196
WASP-119 b,WASP-119,Transit,2016,G,5650.0,1.2,1.02,0.14,4.26,302.448,12.314,10.545,12.1014
WASP-120 b,WASP-120,Transit,2016,F,6450.0,1.68443,1.393,-0.05,4.035,381.174,10.96,9.877,10.8989
WASP-121 b,WASP-121,Transit,2016,F,6628.0,1.461,1.33,0.17,4.251,269.898,10.514,9.374,10.3746
WASP-123 b,WASP-123,Transit,2016,G,5740.0,1.285,1.166,0.18,4.286,197.996,11.03,9.362001,10.8999
WASP-124 b,WASP-124,Transit,2016,F,6050.0,1.02,1.07,-0.02,4.44,448.637,12.724,11.31,12.5754
WASP-126 b,WASP-126,Transit,2016,G,5800.0,1.27,1.12,0.2068,4.28,216.526,10.994,9.598,11.0665
WASP-126 c,WASP-126,Transit Timing Variations,2019,G,5800.0,1.27,1.12,0.2068,4.28,216.526,10.994,9.598,11.0665
WASP-129 b,WASP-129,Transit,2016,G,5900.0,0.9,1.0,0.15,4.53,301.462,12.179,10.412,11.8127
WASP-130 b,WASP-130,Transit,2016,G,5625.0,0.96,1.04,0.26,4.49,172.256,11.104,9.461,10.9717
WASP-131 b,WASP-131,Transit,2016,G,5990.0,1.561,1.06,-0.2,4.075,200.075,10.068,8.573,9.86708
WASP-132 b,WASP-132,Transit,2016,K,4686.0,0.758,0.789,0.15,4.56,122.91,11.938,9.674,11.7538
WASP-132 c,WASP-132,Transit,2022,K,4686.0,0.758,0.789,0.15,4.56,122.91,11.938,9.674,11.7538
WASP-132 d,WASP-132,Radial Velocity,2024,K,4686.0,0.758,0.789,0.15,4.56,122.91,11.938,9.674,11.7538
WASP-133 b,WASP-133,Transit,2016,G,5700.0,1.44,1.16,0.29,4.18,559.084,12.891,11.18,12.7146
WASP-135 b,WASP-135,Transit,2015,G,5675.0,0.96,0.98,0.02,4.47,298.214,13.181,11.037,13.0045
WASP-136 b,WASP-136,Transit,2016,F,6250.0,2.39014,1.41,-0.18,3.9,275.587,9.974,8.805,9.81929
WASP-139 b,WASP-139,Transit,2016,K,5310.0,0.8,0.92,0.2,4.59,212.472,12.456,10.472,12.2715
WASP-140 b,WASP-140,Transit,2016,K,5300.0,0.87,0.9,0.12,4.51,117.598,11.118,9.165,10.8202
WASP-141 b,WASP-141,Transit,2016,F,5900.0,1.37,1.25,0.29,4.26,516.543,12.65,11.194,12.4822
WASP-142 b,WASP-142,Transit,2016,F,6010.0,1.64,1.33,0.26,4.13,730.933,12.871,11.442,12.7568
WASP-144 b,WASP-144,Transit,2018,K,5200.0,0.81,0.81,0.18,4.53,355.513,13.085,10.897,12.915
WASP-145 A b,WASP-145 A,Transit,2018,K,4900.0,0.68,0.76,-0.04,4.65,91.299,11.636,9.194,11.3583
WASP-147 b,WASP-147,Transit,2018,G,5702.0,1.429,1.044,0.092,4.21,436.098,12.681,10.857,12.1832
WASP-148 b,WASP-148,Transit,2020,G,5555.0,0.912,0.954,0.099,4.496,246.353,12.036,10.506,12.0845
WASP-148 c,WASP-148,Radial Velocity,2020,G,5555.0,0.912,0.954,0.099,4.496,246.353,12.036,10.506,12.0845
WASP-15 b,WASP-15,Transit,2009,F,6300.0,1.48,1.18,-0.17,4.35,282.091,10.972,9.693,10.797
WASP-150 b,WASP-150,Transit,2020,F,6218.0,1.651,1.394,0.156,4.147,527.995,12.026,10.747,11.9151
WASP-151 b,WASP-151,Transit,2017,G,5871.0,1.181,1.081,0.1,4.35,453.099,12.821,11.187,12.6278
WASP-153 b,WASP-153,Transit,2017,G,5914.0,1.73,1.336,0.34,4.1,610.176,12.591,11.051,12.4967
WASP-156 b,WASP-156,Transit,2017,K,4987.0,0.8268,0.8712,0.305,4.541,122.066,11.559,9.339,11.3227
WASP-157 b,WASP-157,Transit,2016,G,5772.0,1.1,1.06,0.25,4.38,334.037,12.397,10.764,12.1818
WASP-158 b,WASP-158,Transit,2018,F,6350.0,1.39,1.38,0.24,4.3,524.993,12.044,10.881,12.0911
WASP-159 b,WASP-159,Transit,2018,F,6120.0,2.11,1.41,0.22,3.94,715.383,12.836,11.017,12.2951
WASP-160 B b,WASP-160 B,Transit,2018,K,5298.0,0.868,0.87,0.27,4.49546,288.326,13.04,11.055,12.8842
WASP-162 b,WASP-162,Transit,2018,K,5300.0,1.11,0.95,0.28,4.33,310.841,12.213,10.466,12.0652
WASP-164 b,WASP-164,Transit,2018,G,5806.0,0.932,0.946,-0.01,4.45645,327.506,12.603,10.959,12.4679
WASP-165 b,WASP-165,Transit,2018,G,5599.0,1.75,1.248,0.33,3.93,602.236,12.816,11.024,12.5435
WASP-166 b,WASP-166,Transit,2019,F,6050.0,1.22,1.19,0.19,4.34,114.173,9.351,8.032,9.257
WASP-167 b,WASP-167,Transit,2017,F,7000.0,1.79,1.59,0.1,4.13,423.552,10.517,9.76,10.5786
WASP-168 b,WASP-168,Transit,2018,F,6000.0,1.12,1.08,-0.01,4.37,303.941,12.124,10.443,11.7139
WASP-169 b,WASP-169,Transit,2019,F,6110.0,2.011,1.337,0.06,3.958,627.066,12.167,10.483,11.7206
WASP-17 b,WASP-17,Transit,2009,F,6550.0,1.49,2.28,-0.25,4.2,405.908,11.588,10.224,11.3803
WASP-171 b,WASP-171,Transit,2019,G,5965.0,1.637,1.171,0.04,4.08,757.84,12.612,11.104,12.4407
WASP-172 b,WASP-172,Transit,2018,F,6900.0,1.91,1.49,-0.1,4.05,538.11,10.988,10.13,11.0099
WASP-173 A b,WASP-173 A,Transit,2018,G,5800.0,1.11,1.05,0.16,4.37,232.98,11.15,10.002,11.3975
WASP-174 b,WASP-174,Transit,2018,F,6399.0,1.347,1.24,0.06,4.273,410.149,11.803,10.579,11.6826
WASP-175 b,WASP-175,Transit,2019,F,6229.0,1.204,1.212,0.15,4.359,539.36,12.959,11.471,12.7065
WASP-176 b,WASP-176,Transit,2020,F,5941.0,1.925,1.345,0.164,3.995,568.42,12.006,10.648,11.9392
WASP-177 b,WASP-177,Transit,2019,K,5017.0,0.885,0.876,0.25,4.486,176.818,12.312,10.163,12.0715
WASP-178 b,WASP-178,Transit,2019,A,9360.0,1.67,2.07,0.21,4.31,427.678,9.946,9.703,9.91226
WASP-18 b,WASP-18,Transit,2009,F,6432.0,1.319,1.294,0.107,4.31,123.483,9.28,8.131,9.16617
WASP-180 A b,WASP-180 A,Transit,2019,F,6600.0,1.19,1.3,0.1,4.42,253.985,10.655,9.812,10.9134
WASP-181 b,WASP-181,Transit,2019,G,5839.0,0.965,1.04,0.09,4.487,437.495,12.924,11.443,12.783
WASP-182 b,WASP-182,Transit,2019,G,5638.0,1.34,1.076,0.27,4.218,327.602,11.98,10.431,11.917
WASP-183 b,WASP-183,Transit,2019,G,5313.0,0.871,0.784,-0.31,4.452,325.377,13.081,11.207,12.8148
WASP-184 b,WASP-184,Transit,2019,G,6000.0,1.65,1.23,0.12,4.09,663.231,12.771,11.262,12.5673
WASP-185 b,WASP-185,Transit,2019,G,5900.0,1.5,1.12,-0.02,4.13,279.35,11.101,9.505,10.8949
WASP-186 b,WASP-186,Transit,2020,F,6361.0,1.47,1.22,-0.08,4.193,278.514,10.81,9.532,10.6509
WASP-187 b,WASP-187,Transit,2020,F,6150.0,2.83,1.54,0.0,3.722,371.414,10.295,8.79,10.1318
WASP-19 b,WASP-19,Transit,2009,G,5616.0,1.006,0.965,0.04,4.417,268.325,12.248,10.481,12.1088
WASP-190 b,WASP-190,Transit,2019,F,6400.0,1.6,1.35,-0.02,4.17,542.251,11.645,10.65,11.6333
WASP-192 b,WASP-192,Transit,2019,G,5910.0,1.32,1.09,0.14,4.236,508.885,12.678,11.137,12.5347
WASP-193 b,WASP-193,Transit,2023,F,6080.0,1.213,1.018,-0.108,4.28,362.087,11.972,10.745,12.0421
WASP-2 b,WASP-2,Transit,2007,K,5180.0,0.866,0.895,0.12,4.514,153.242,11.728,9.632,11.5638
WASP-20 b,WASP-20,Transit,2015,F,5940.0,1.242,1.2,-0.008,4.231,211.877,10.675,9.39,10.6503
WASP-21 b,WASP-21,Transit,2010,G,5800.0,1.06,1.01,-0.22,4.277,258.426,11.59,9.982,11.3987
WASP-22 b,WASP-22,Transit,2010,G,6000.0,1.24,1.46,-0.05,4.5,317.652,11.99,10.318,11.5821
WASP-26 b,WASP-26,Transit,2010,G,6034.0,1.22,0.86,0.16,4.44,252.759,11.297,9.69,10.9935
WASP-28 b,WASP-28,Transit,2014,F,6084.0,1.083,0.993,-0.2,4.37,348.494,12.274,10.732,12.0286
WASP-33 b,WASP-33,Transit,2010,A,7430.0,1.444,1.495,0.1,4.25,121.944,8.14,7.468,8.07004
WASP-38 b,WASP-38,Transit,2010,F,6180.0,1.52,1.76,-0.02,4.25,136.24,9.391,7.998,9.20974
WASP-4 b,WASP-4,Transit,2007,G,5436.0,0.912,0.899,-0.05,4.472,267.206,12.483,10.746,12.3162
WASP-43 b,WASP-43,Transit,2011,K,4400.0,0.6,0.58,-0.05,4.65,86.7467,12.305,9.267,11.907
WASP-44 b,WASP-44,Transit,2011,G,5420.0,0.906,0.935,-0.003,4.494,364.512,13.096,11.341,12.8964
WASP-45 b,WASP-45,Transit,2011,K,5150.0,0.855,0.85,-0.03,4.503,211.196,11.801,10.294,12.0487
WASP-46 b,WASP-46,Transit,2011,G,5600.0,0.858,0.828,-0.3,4.489,375.31,13.043,11.401,12.8519
WASP-47 b,WASP-47,Transit,2012,G,5565.0,1.156,1.058,0.43,4.3437,264.78,11.936,10.192,11.7889
WASP-47 c,WASP-47,Radial Velocity,2015,G,5565.0,1.156,1.058,0.43,4.3437,264.78,11.936,10.192,11.7889
WASP-47 d,WASP-47,Transit,2015,G,5565.0,1.156,1.058,0.43,4.3437,264.78,11.936,10.192,11.7889
WASP-47 e,WASP-47,Transit,2015,G,5565.0,1.156,1.058,0.43,4.3437,264.78,11.936,10.192,11.7889
WASP-49 b,WASP-49,Transit,2012,G,5600.0,0.97,0.92,-0.23,4.5,194.553,11.352,9.749,11.2907
WASP-5 b,WASP-5,Transit,2008,G,5700.0,1.029,0.96,0.09,4.395,309.137,12.147,10.598,11.996
WASP-52 b,WASP-52,Transit,2012,K,5000.0,0.79,0.87,0.03,4.582,174.818,12.192,10.086,11.9537
WASP-54 b,WASP-54,Transit,2012,F,6100.0,1.76,1.08,-0.27,4.0,251.303,10.413,9.035,10.2441
WASP-56 b,WASP-56,Transit,2012,G,5600.0,0.96,0.71,0.12,4.5,321.084,12.091,10.532,12.0028
WASP-57 b,WASP-57,Transit,2012,G,5600.0,0.927,0.886,-0.25,4.452,398.276,12.913,11.244,12.7293
WASP-58 b,WASP-58,Transit,2012,G,5800.0,1.22,1.06,-0.45,4.27,290.404,11.652,10.285,11.6347
WASP-59 b,WASP-59,Transit,2012,K,4650.0,0.613,0.719,-0.15,4.72,115.936,12.659,9.723,12.3142
WASP-60 b,WASP-60,Transit,2012,G,5900.0,1.17,1.19,-0.04,4.2,431.052,11.67,10.585,12.0196
WASP-64 b,WASP-64,Transit,2012,G,5400.0,1.058,1.004,-0.08,4.392,369.926,12.704,10.956,12.5257
WASP-65 b,WASP-65,Transit,2013,G,5600.0,1.01,0.93,-0.07,4.4,273.703,11.869,10.346,11.7509
WASP-68 b,WASP-68,Transit,2014,G,5910.0,1.79,1.49,0.22,4.17,226.399,10.674,8.948,10.4092
WASP-69 b,WASP-69,Transit,2014,K,4792.0,0.801,0.83,0.35,4.57,49.9605,9.873,7.459,9.48466
WASP-70 A b,WASP-70 A,Transit,2014,G,5763.0,1.215,1.106,-0.006,4.314,222.355,10.786,9.58,11.0323
WASP-71 b,WASP-71,Transit,2012,F,6050.0,1.82,0.76,0.15,3.9,362.715,10.56,9.32,10.5678
WASP-72 b,WASP-72,Transit,2012,F,6250.0,2.18,2.78,-0.06,4.09,434.754,10.868,9.617,10.8378
WASP-73 b,WASP-73,Transit,2014,F,6030.0,2.55,2.52,0.14,3.93,316.678,10.468,9.028,10.2607
WASP-74 b,WASP-74,Transit,2015,F,5990.0,1.42,0.98,0.39,4.39,149.216,9.75,8.221,9.5723
WASP-75 b,WASP-75,Transit,2013,F,6100.0,1.26,1.14,0.07,4.29,294.001,11.591,10.062,11.3347
WASP-76 b,WASP-76,Transit,2016,F,6329.0,1.756,1.458,0.366,4.196,194.459,9.518,8.243,9.39507
WASP-77 A b,WASP-77 A,Transit,2012,G,5617.0,0.91,0.903,-0.1,4.476,105.166,10.294,8.405,10.0966
WASP-79 b,WASP-79,Transit,2012,F,6600.0,1.51,1.39,0.03,4.2,246.69,10.044,9.056,9.97202
WASP-8 b,WASP-8,Transit,2010,G,5600.0,1.03,1.34,0.17,4.5,89.9606,9.789,8.086,9.61249
WASP-8 c,WASP-8,Radial Velocity,2013,G,5690.0,0.96,1.04,0.17,4.5,89.9606,9.789,8.086,9.61249
WASP-80 b,WASP-80,Transit,2012,K,4143.0,0.586,0.577,-0.13,4.663,49.7876,11.841,8.351,11.273
WASP-82 b,WASP-82,Transit,2015,F,6480.0,2.1,1.48,0.12,3.96,275.664,10.073,8.759,9.89796
WASP-83 b,WASP-83,Transit,2015,G,5510.0,1.05,1.11,0.29,4.44,271.103,12.312,10.393,12.0084
WASP-84 b,WASP-84,Transit,2014,K,5280.0,0.768,0.853,0.0,4.598,100.588,10.825,8.855,10.5745
WASP-84 c,WASP-84,Transit,2023,K,5280.0,0.768,0.853,0.0,4.598,100.588,10.825,8.855,10.5745
WASP-85 A b,WASP-85 A,Transit,2016,G,6112.0,0.935,1.09,0.118,4.48,141.887,10.72,8.733,10.6241
WASP-88 b,WASP-88,Transit,2014,F,6430.0,1.8,0.94,-0.08,3.96,523.756,11.388,10.322,11.478
WASP-89 b,WASP-89,Transit,2015,K,5130.0,0.88,0.92,0.15,4.515,290.946,13.21,11.004,12.989
WASP-90 b,WASP-90,Transit,2016,F,6430.0,1.98,1.55,0.11,4.033,466.433,11.618,10.248,11.4559
WASP-91 b,WASP-91,Transit,2017,K,4920.0,0.86,0.84,0.19,4.3,149.942,11.98,9.712,11.6236
WASP-92 b,WASP-92,Transit,2016,F,6280.0,1.341,1.19,0.0,4.259,575.889,12.951,11.519,12.8183
WASP-93 b,WASP-93,Transit,2016,F,6700.0,1.524,1.334,0.07,4.197,370.284,10.966,9.942,10.978
WASP-94 A b,WASP-94 A,Transit,2014,F,6170.0,1.48,1.67,0.26,4.27,211.211,10.051,8.874,10.0285
WASP-94 B b,WASP-94 B,Radial Velocity,2014,F,6040.0,1.35,1.24,0.23,4.26,208.696,10.589,9.188,10.4055
WASP-95 b,WASP-95,Transit,2014,G,5830.0,1.23,1.46,0.14,4.36,137.544,10.092,8.564,9.93697
WASP-96 b,WASP-96,Transit,2014,G,5540.0,1.05,1.06,0.14,4.42,352.464,12.569,10.914,12.3833
WASP-97 b,WASP-97,Transit,2014,G,5640.0,1.08,1.18,0.23,4.45,151.068,10.57,9.03,10.4238
WASP-98 b,WASP-98,Transit,2014,G,5473.0,0.741,0.809,-0.49,4.606,281.742,13.252,11.284,12.8678
WASP-99 b,WASP-99,Transit,2014,F,6150.0,1.64,1.21,0.21,4.3,158.66,9.475,8.088,9.3251
WTS-1 b,WTS-1,Transit,2012,F,6250.0,1.15,1.2,-0.5,4.4,2346.01,16.644,15.271,16.4299
WTS-2 b,WTS-2,Transit,2014,K,5000.0,0.752,0.82,0.2,4.6,1030.768344,15.954,13.414,15.5965
Wolf 1061 b,Wolf 1061,Radial Velocity,2015,M,3342.0,0.307,0.294,-0.09,4.90218,4.30592,10.1,5.075,8.79444
Wolf 1061 c,Wolf 1061,Radial Velocity,2015,M,3342.0,0.307,0.294,-0.09,4.90218,4.30592,10.1,5.075,8.79444
Wolf 1061 d,Wolf 1061,Radial Velocity,2015,M,3342.0,0.307,0.294,-0.09,4.90218,4.30592,10.1,5.075,8.79444
Wolf 1069 b,Wolf 1069,Radial Velocity,2023,M,3158.0,0.1813,0.167,0.07,4.93,9.58341,13.993,8.095,12.3653
Wolf 327 b,Wolf 327,Transit,2024,M,3542.0,0.406,0.405,-0.17,4.87,28.5321,13.018,8.435,11.9522
Wolf 503 b,Wolf 503,Transit,2018,K,4716.0,0.689,0.688,-0.47,4.62,44.526,10.27,7.617,9.89816
XO-1 b,XO-1,Transit,2006,G,5750.0,0.88,0.88,0.02,4.51,163.553,11.251,9.527,11.004
XO-2 N b,XO-2 N,Transit,2007,G,5290.0,0.998,0.96,0.37,4.43,154.273,11.246,9.308,10.9718
XO-2 S b,XO-2 S,Radial Velocity,2014,G,5325.0,1.02,0.98,0.32,4.42,151.398,11.196,9.272,10.9278
XO-2 S c,XO-2 S,Radial Velocity,2014,G,5325.0,1.02,0.98,0.32,4.42,151.398,11.196,9.272,10.9278
XO-2 S d,XO-2 S,Radial Velocity,2024,G,5325.0,1.02,0.98,0.32,4.42,151.398,11.196,9.272,10.9278
XO-3 b,XO-3,Transit,2007,F,6970.0,1.523,1.449,-0.159,4.234,213.053,9.854,8.791,9.73889
XO-4 b,XO-4,Transit,2010,F,6397.0,1.45,1.1,-0.04,4.18,272.655,10.814,9.406,10.5131
XO-5 b,XO-5,Transit,2008,G,5430.0,1.13,1.04,0.05,4.35,276.211,12.198,10.345,11.9498
XO-6 b,XO-6,Transit,2016,F,6720.0,1.93,1.47,-0.07,4.04,235.479,10.247,9.246,10.191
XO-7 b,XO-7,Transit,2019,G,6250.0,1.48,1.405,0.432,4.246,234.149,10.521,9.241,10.4575
YZ Cet b,YZ Cet,Radial Velocity,2017,M,3151.0,0.157,0.142,-0.18,5.17,3.71207,12.074,6.42,10.4294
YZ Cet c,YZ Cet,Radial Velocity,2017,M,3151.0,0.157,0.142,-0.18,5.17,3.71207,12.074,6.42,10.4294
YZ Cet d,YZ Cet,Radial Velocity,2017,M,3151.0,0.157,0.142,-0.18,5.17,3.71207,12.074,6.42,10.4294
bet Cnc b,bet Cnc,Radial Velocity,2014,K,4092.1,47.2,1.7,-0.29,1.4,89.0472,3.51012,0.19,3.04628
bet Pic b,bet Pic,Imaging,2008,A,8038.68,1.54416,1.789,-0.21,4.35072,19.7442,3.85,3.526,3.82015
bet Pic c,bet Pic,Radial Velocity,2019,A,8038.68,1.54416,1.789,-0.21,4.35072,19.7442,3.85,3.526,3.82015
bet Pic d,bet Pic,Imaging,2026,A,8038.68,1.54416,1.789,-0.21,4.35072,19.7442,3.85,3.526,3.82015
eps CrB b,eps CrB,Radial Velocity,2012,K,4406.0,21.0,1.7,-0.094,1.94,69.8683,4.12577,1.349,3.75773
eps Eri b,eps Eri,Radial Velocity,2000,K,5020.38,0.759106,0.82,-0.13,4.5901,3.2026,3.71548,1.776,3.47719
eps Ind A b,eps Ind A,Radial Velocity,2019,K,4700.0,0.713,0.8,-0.17,5.25,3.63857,4.69,2.237,4.34562
eps Tau b,eps Tau,Radial Velocity,2006,K,4877.0,12.35,2.57,0.1,2.66,47.52852,3.523,1.422,3.27298
gam Cep b,gam Cep,Radial Velocity,2003,K,4775.0,4.74,1.27,0.18,3.189,14.1024,3.23006,1.038,2.92627
gam Lib b,gam Lib,Radial Velocity,2018,K,4879.0,12.38,1.78,-0.27,2.5,47.4017,3.90672,1.524,3.64937
gam Lib c,gam Lib,Radial Velocity,2018,K,4879.0,12.38,1.78,-0.27,2.5,47.4017,3.90672,1.524,3.64937
gam Psc b,gam Psc,Radial Velocity,2021,G,4742.0,11.2,0.99,-0.62,2.33,41.3107,3.69252,1.393,3.41425
iot Dra b,iot Dra,Radial Velocity,2002,K,4504.0,11.79,1.54,0.03,2.48,31.32832,3.29668,0.671,2.96828
iot Dra c,iot Dra,Radial Velocity,2021,K,4504.0,11.79,1.54,0.03,2.48,31.32832,3.29668,0.671,2.96828
kap And b,kap And,Imaging,2012,B,11327.0,2.109,2.768,0.0,4.174,50.0177,4.13791,4.571,4.13478
kap CrB b,kap CrB,Radial Velocity,2007,K,4840.0,4.68,1.33,0.09,3.2,30.0651,4.79734,2.423,4.52428
mu Leo b,mu Leo,Radial Velocity,2014,K,4538.2,11.4,1.5,0.36,2.4,32.6081,3.86648,1.364,3.52769
nu Oct A b,nu Oct A,Radial Velocity,2016,K,4910.0,5.04,1.57,0.18,3.23,21.1999,3.73,1.458,3.44162
nu Oph b,nu Oph,Radial Velocity,2012,K,4887.0,12.24,2.61,0.1,2.64,46.2107,3.31216,1.225,3.09653
nu Oph c,nu Oph,Radial Velocity,2012,K,4887.0,12.24,2.61,0.1,2.64,46.2107,3.31216,1.225,3.09653
ome Ser b,ome Ser,Radial Velocity,2013,G,4724.0,10.99,1.01,-0.12,2.37,76.7556,5.21644,2.929,4.92833
omi CrB b,omi CrB,Radial Velocity,2012,K,4769.0,11.87,1.3,-0.27,2.36,84.7883,5.5052,2.934,5.22055
omi UMa b,omi UMa,Radial Velocity,2012,G,5075.0,13.84,2.72,-0.16,2.58,54.9149,3.35214,1.339,3.14432
pi Men c,HD 39091,Transit,2018,G,5998.0,1.17,1.07,0.09,4.43,18.2702,5.65,4.241,5.5128
pi Men d,HD 39091,Radial Velocity,2022,G,5998.0,1.19,1.07,0.09,4.36,18.2702,5.65,4.241,5.5128
psi1 Dra B b,psi1 Dra B,Radial Velocity,2015,G,6212.0,1.255735,1.19,0.01,4.2,22.7188,5.808,4.527,5.64766
rho CrB b,rho CrB,Radial Velocity,1997,G,5817.0,1.3617,1.0,-0.2,4.121,17.4671,5.40816,3.857,5.24167
rho CrB c,rho CrB,Radial Velocity,2016,G,5817.0,1.3617,1.0,-0.2,4.121,17.4671,5.40816,3.857,5.24167
rho CrB e,rho CrB,Radial Velocity,2023,G,5817.0,1.3617,1.0,-0.2,4.121,17.4671,5.40816,3.857,5.24167
tau Boo b,tau Boo,Radial Velocity,1996,F,6466.27,1.42588,1.32,0.2642,4.25047,15.6521,4.48635,3.507,4.36617
tau Cet f,tau Cet,Radial Velocity,2017,G,5310.0,0.83,0.783,-0.52,4.52,3.60304,3.49607,1.794,3.24854
tau Cet g,tau Cet,Radial Velocity,2017,G,5310.0,0.83,0.783,-0.52,4.52,3.60304,3.49607,1.794,3.24854
tau Cet h,tau Cet,Radial Velocity,2017,G,5310.0,0.83,0.783,-0.52,4.52,3.60304,3.49607,1.794,3.24854
tau Gem b,tau Gem,Radial Velocity,2013,K,4388.0,26.8,2.3,0.14,1.96,112.537,4.37799,1.681,4.03996
ups And b,ups And,Radial Velocity,1996,F,6156.77,1.56,1.3,0.1014,4.125176,13.4054,4.09565,2.859,3.98687
ups And c,ups And,Radial Velocity,1999,F,6156.77,1.56,1.3,0.1014,4.125176,13.4054,4.09565,2.859,3.98687
ups And d,ups And,Radial Velocity,1999,F,6156.77,1.56,1.3,0.1014,4.125176,13.4054,4.09565,2.859,3.98687
ups Leo b,ups Leo,Radial Velocity,2021,G,4836.0,11.22,1.48,-0.2,2.46,52.5973,4.3049,2.184,4.0304
xi Aql b,xi Aql,Radial Velocity,2007,K,4841.0,10.86,1.74,-0.11,2.61,56.1858,4.70964,2.171,4.42501
